impl,n,procs,threads,prime_count,t_alloc,t_bcast,t_compute,t_lsort,t_comm,t_sort,t_io,t_total,imbalance,workers,rep,sweep
hybrid-blockcyclic,100000000,1,16,5761455,0.000097,0.000000,5.361324,0.288131,0.005598,0.231439,0.405805,6.292477,1.000000,16,1,B
hybrid-blockcyclic,100000000,1,16,5761455,0.000091,0.000000,3.355815,0.288144,0.006614,0.231033,0.414445,4.296226,1.000000,16,2,B
hybrid-blockcyclic,100000000,1,16,5761455,0.000150,0.000000,3.354925,0.284403,0.006425,0.231130,0.431163,4.308283,1.000000,16,3,B
hybrid-blockcyclic,100000000,2,8,5761455,0.000062,0.000014,3.455094,0.132176,0.035796,0.241484,0.419729,4.295879,1.030900,16,1,B
hybrid-blockcyclic,100000000,2,8,5761455,0.000052,0.000014,3.418576,0.135630,0.041673,0.241765,0.420292,4.270578,1.020161,16,2,B
hybrid-blockcyclic,100000000,2,8,5761455,0.000067,0.000014,3.386099,0.135551,0.033685,0.242212,0.424830,4.233567,1.011847,16,3,B
hybrid-blockcyclic,100000000,4,4,5761455,0.000042,0.000032,3.366530,0.064294,0.058372,0.251652,0.421422,4.183798,1.005870,16,1,B
hybrid-blockcyclic,100000000,4,4,5761455,0.000046,0.000024,3.468240,0.063370,0.050924,0.252021,0.406478,4.262045,1.037091,16,2,B
hybrid-blockcyclic,100000000,4,4,5761455,0.000044,0.000038,3.451873,0.064906,0.047192,0.252599,0.412823,4.249542,1.031494,16,3,B
hybrid-blockcyclic,100000000,8,2,5761455,0.000039,0.000019,3.446207,0.030335,0.097125,0.264363,0.404602,4.263825,1.029706,16,1,B
hybrid-blockcyclic,100000000,8,2,5761455,0.000035,0.000016,3.400158,0.030890,0.073806,0.264098,0.413806,4.203543,1.015149,16,2,B
hybrid-blockcyclic,100000000,8,2,5761455,0.000033,0.000017,3.354349,0.035960,0.083680,0.264570,0.416784,4.183104,1.004054,16,3,B
hybrid-blockcyclic,100000000,16,1,5761455,0.000033,0.000059,3.596873,0.020986,0.081279,0.283969,0.413938,4.412598,1.082749,16,1,B
hybrid-blockcyclic,100000000,16,1,5761455,0.000049,0.000060,3.346030,0.014775,0.090953,0.285643,0.417670,4.184907,1.006404,16,2,B
hybrid-blockcyclic,100000000,16,1,5761455,0.000048,0.000100,3.434521,0.014665,0.087720,0.283764,0.411284,4.243381,1.032356,16,3,B
hybrid-blockcyclic,100000000,2,16,5761455,0.000086,0.000015,1.684732,0.145637,0.055865,0.242433,0.431195,2.571211,1.003643,32,1,B
hybrid-blockcyclic,100000000,2,16,5761455,0.000087,0.000015,1.685431,0.145231,0.050774,0.241325,0.411346,2.545354,1.004411,32,2,B
hybrid-blockcyclic,100000000,2,16,5761455,0.000102,0.000010,1.683107,0.142053,0.056557,0.241052,0.406146,2.540414,1.002302,32,3,B
hybrid-blockcyclic,100000000,4,8,5761455,0.000061,0.000034,1.680107,0.067832,0.106653,0.252525,0.408718,2.538777,1.004105,32,1,B
hybrid-blockcyclic,100000000,4,8,5761455,0.000058,0.000040,1.702102,0.068622,0.084160,0.251653,0.419300,2.545592,1.018198,32,2,B
hybrid-blockcyclic,100000000,4,8,5761455,0.000064,0.000040,1.700875,0.068060,0.058430,0.255950,0.430757,2.536865,1.014505,32,3,B
hybrid-blockcyclic,100000000,8,4,5761455,0.000064,0.000032,1.725157,0.036490,0.086035,0.309662,0.411749,2.610787,1.031923,32,1,B
hybrid-blockcyclic,100000000,8,4,5761455,0.000056,0.000024,1.702140,0.034556,0.116351,0.293890,0.488638,2.663703,1.015652,32,2,B
hybrid-blockcyclic,100000000,8,4,5761455,0.000056,0.000019,2.207486,0.038339,0.120069,0.330116,0.431207,3.156323,1.317263,32,3,B
hybrid-blockcyclic,100000000,16,2,5761455,0.000039,0.000045,1.762812,0.018290,0.093985,0.297987,0.416200,2.607397,1.057702,32,1,B
hybrid-blockcyclic,100000000,16,2,5761455,0.000041,0.000070,1.824677,0.018735,0.092882,0.284221,0.428575,2.666354,1.089354,32,2,B
hybrid-blockcyclic,100000000,16,2,5761455,0.000031,0.000043,1.783320,0.021111,0.090333,0.284003,0.431579,2.624505,1.066094,32,3,B
hybrid-blockcyclic,100000000,32,1,5761455,0.000030,0.000027,1.835628,0.008386,0.101025,0.298088,0.436562,2.700545,1.105852,32,1,B
hybrid-blockcyclic,100000000,32,1,5761455,0.000039,0.000035,2.027028,0.009898,0.116230,0.298243,0.408587,2.880024,1.220191,32,2,B
hybrid-blockcyclic,100000000,32,1,5761455,0.000033,0.000023,2.619972,0.009708,0.099131,0.297590,0.438308,3.484084,1.578164,32,3,B
hybrid-blockcyclic,100000000,4,16,5761455,0.000077,0.000022,0.925562,0.074920,0.086972,0.251934,0.432575,1.789837,1.102721,64,1,B
hybrid-blockcyclic,100000000,4,16,5761455,0.000093,0.000038,0.966336,0.073349,0.083126,0.252175,0.427215,1.824007,1.151055,64,2,B
hybrid-blockcyclic,100000000,4,16,5761455,0.000077,0.000037,0.869786,0.074296,0.077128,0.251598,0.418104,1.711316,1.035087,64,3,B
hybrid-blockcyclic,100000000,8,8,5761455,0.000050,0.000017,0.865538,0.034790,0.071548,0.263873,0.415053,1.680167,1.032228,64,1,B
hybrid-blockcyclic,100000000,8,8,5761455,0.000050,0.000016,0.954461,0.036724,0.079373,0.265265,0.424466,1.768935,1.137918,64,2,B
hybrid-blockcyclic,100000000,8,8,5761455,0.000085,0.000019,0.985954,0.036814,0.088981,0.264245,0.417299,1.802323,1.176236,64,3,B
hybrid-blockcyclic,100000000,16,4,5761455,0.000047,0.000060,0.984689,0.018830,0.085398,0.283398,0.427478,1.808623,1.178531,64,1,B
hybrid-blockcyclic,100000000,16,4,5761455,0.000043,0.000060,1.049712,0.018083,0.093671,0.282851,0.413582,1.877788,1.257512,64,2,B
hybrid-blockcyclic,100000000,16,4,5761455,0.000045,0.000057,0.986954,0.019356,0.085815,0.283802,0.418188,1.804126,1.182377,64,3,B
hybrid-blockcyclic,100000000,32,2,5761455,0.000043,0.000039,1.152411,0.009555,0.116854,0.300342,0.420320,2.019557,1.387656,64,1,B
hybrid-blockcyclic,100000000,32,2,5761455,0.000042,0.000034,1.310609,0.010472,0.114562,0.297779,0.416730,2.167560,1.574336,64,2,B
hybrid-blockcyclic,100000000,32,2,5761455,0.000037,0.000025,1.113510,0.011045,0.312099,0.298594,0.444636,2.199573,1.337641,64,3,B
hybrid-blockcyclic,100000000,64,1,5761455,0.000032,0.000064,1.248142,0.005178,0.151575,0.316193,0.465055,2.211476,1.506797,64,1,B
hybrid-blockcyclic,100000000,64,1,5761455,0.000027,0.000060,1.469902,0.004922,0.132517,0.305925,0.441328,2.385620,1.774616,64,2,B
hybrid-blockcyclic,100000000,64,1,5761455,0.000023,0.000061,1.651581,0.004692,0.335928,0.305802,0.404874,2.740255,1.992014,64,3,B
hybrid-blockcyclic,100000000,4,1,5761455,0.000028,0.000017,13.344495,0.061510,0.078945,0.251948,0.422479,14.175648,1.002992,4,1,B
hybrid-blockcyclic,100000000,4,1,5761455,0.000028,0.000038,13.650029,0.061160,0.086506,0.252046,0.404763,14.472269,1.025622,4,2,B
hybrid-blockcyclic,100000000,4,1,5761455,0.000029,0.000026,13.348386,0.057597,0.074133,0.252241,0.422243,14.178272,1.003339,4,3,B
hybrid-blockcyclic,100000000,4,2,5761455,0.000036,0.000020,6.739951,0.073944,0.102833,0.252115,0.417007,7.608314,1.006776,8,1,B
hybrid-blockcyclic,100000000,4,2,5761455,0.000035,0.000037,6.739381,0.061580,0.080962,0.252475,0.425700,7.582604,1.005921,8,2,B
hybrid-blockcyclic,100000000,4,2,5761455,0.000035,0.000032,7.211574,0.061368,0.084823,0.251878,0.437196,8.069021,1.076029,8,3,B
hybrid-blockcyclic,100000000,4,8,5761455,0.000056,0.000040,1.708603,0.127666,0.114378,0.251596,0.406852,2.633152,1.020629,32,1,B
hybrid-blockcyclic,100000000,4,8,5761455,0.000055,0.000025,1.717707,0.071797,0.073889,0.251679,0.435596,2.575345,1.025490,32,2,B
hybrid-blockcyclic,100000000,4,8,5761455,0.000057,0.000038,1.710549,0.071651,0.055013,0.251860,0.469128,2.578013,1.022955,32,3,B
hybrid-block,100000000,4,16,5761455,0.000077,0.000024,1.170536,0.072068,0.071518,0.000000,0.464727,1.795043,2.509199,64,1,C
hybrid-block,100000000,4,16,5761455,0.000075,0.000023,1.289349,0.074532,0.050558,0.000000,0.439783,1.878350,2.765230,64,2,C
hybrid-block,100000000,4,16,5761455,0.000082,0.000018,1.147591,0.074154,0.059282,0.000000,0.438754,1.734147,2.455011,64,3,C
hybrid-blockcyclic,100000000,4,16,5761455,0.000074,0.000035,0.881751,0.076579,0.062862,0.252144,0.428764,1.723998,1.045330,64,1,C
hybrid-blockcyclic,100000000,4,16,5761455,0.000071,0.000029,0.895392,0.075630,0.059384,0.251783,0.465284,1.771134,1.067184,64,2,C
hybrid-blockcyclic,100000000,4,16,5761455,0.000077,0.000035,1.114494,0.071244,0.061602,0.251596,0.424680,1.947535,1.317537,64,3,C
hybrid-dynamic,100000000,4,16,5761455,0.000076,0.000021,1.732398,0.129424,0.098821,0.254966,0.449922,2.688045,1.000866,64,1,C
hybrid-dynamic,100000000,4,16,5761455,0.000079,0.000038,1.502759,0.123023,0.138730,0.251839,0.429057,2.466468,1.001818,64,2,C
hybrid-dynamic,100000000,4,16,5761455,0.000077,0.000034,1.395653,0.116266,0.131566,0.250709,0.412256,2.328580,1.001226,64,3,C
