impl,n,procs,threads,prime_count,t_alloc,t_bcast,t_compute,t_comm,t_sort,t_io,t_total,imbalance,rep,sweep
mpi-blockcyclic,20000000,16,1,1270607,0.000028,0.000053,0.355205,0.029678,0.060810,0.115609,0.572587,1.060725,1,A
mpi-blockcyclic,20000000,16,1,1270607,0.000033,0.000067,0.347341,0.034888,0.061519,0.125893,0.600005,1.037086,2,A
mpi-blockcyclic,20000000,16,1,1270607,0.000038,0.000069,0.345642,0.030287,0.059780,0.126994,0.583786,1.032147,3,A
mpi-blockcyclic,21141000,16,1,1338321,0.000038,0.000075,0.386987,0.044059,0.064388,0.178413,0.695001,1.067836,1,A
mpi-blockcyclic,21141000,16,1,1338321,0.000039,0.000062,0.365442,0.036153,0.063341,0.151934,0.637160,1.008270,2,A
mpi-blockcyclic,21141000,16,1,1338321,0.000032,0.000057,0.374683,0.034983,0.063251,0.139486,0.633563,1.033553,3,A
mpi-blockcyclic,22347000,16,1,1409642,0.000041,0.000038,0.398678,0.056858,0.066352,0.164436,0.708223,1.015139,1,A
mpi-blockcyclic,22347000,16,1,1409642,0.000043,0.000052,0.420277,0.034058,0.066380,0.140420,0.682530,1.070057,2,A
mpi-blockcyclic,22347000,16,1,1409642,0.000040,0.000039,0.401785,0.037712,0.069787,0.151537,0.691748,1.025756,3,A
mpi-blockcyclic,23623000,16,1,1484957,0.000038,0.000077,0.427196,0.030919,0.068966,0.142629,0.690117,1.006665,1,A
mpi-blockcyclic,23623000,16,1,1484957,0.000043,0.000054,0.431993,0.028856,0.069935,0.160948,0.712675,1.017365,2,A
mpi-blockcyclic,23623000,16,1,1484957,0.000033,0.000040,0.430460,0.034421,0.069476,0.161880,0.727420,1.014213,3,A
mpi-blockcyclic,24971000,16,1,1564236,0.000043,0.000049,0.467460,0.033632,0.075492,0.196734,0.794500,1.017478,1,A
mpi-blockcyclic,24971000,16,1,1564236,0.000035,0.000041,0.467502,0.035572,0.080803,0.185652,0.789022,1.016755,2,A
mpi-blockcyclic,24971000,16,1,1564236,0.000041,0.000068,0.464570,0.037879,0.073938,0.164740,0.761300,1.011434,3,A
mpi-blockcyclic,26396000,16,1,1647664,0.000044,0.000047,0.503131,0.035382,0.078549,0.184919,0.823090,1.013600,1,A
mpi-blockcyclic,26396000,16,1,1647664,0.000046,0.000061,0.511075,0.046783,0.080207,0.355602,1.005767,1.030103,2,A
mpi-blockcyclic,26396000,16,1,1647664,0.000039,0.000053,0.613631,0.046963,0.079495,0.190184,0.961133,1.237029,3,A
mpi-blockcyclic,27902000,16,1,1735706,0.000065,0.000081,0.583355,0.038779,0.081591,0.196442,0.920325,1.086194,1,A
mpi-blockcyclic,27902000,16,1,1735706,0.000103,0.000101,0.544226,0.046950,0.086643,0.190470,0.888073,1.013135,2,A
mpi-blockcyclic,27902000,16,1,1735706,0.000037,0.000049,0.550023,0.044332,0.082246,0.182462,0.888772,1.023752,3,A
mpi-blockcyclic,29494000,16,1,1828356,0.000042,0.000071,0.587090,0.035987,0.087880,0.172121,0.903410,1.008647,1,A
mpi-blockcyclic,29494000,16,1,1828356,0.000051,0.000042,0.628145,0.032489,0.087164,0.196188,0.975038,1.080268,2,A
mpi-blockcyclic,29494000,16,1,1828356,0.000035,0.000050,0.594341,0.035538,0.087537,0.173775,0.922181,1.020761,3,A
mpi-blockcyclic,31178000,16,1,1926228,0.000044,0.000056,0.641361,0.038679,0.092628,0.174849,0.978529,1.018093,1,A
mpi-blockcyclic,31178000,16,1,1926228,0.000038,0.000050,0.647547,0.041718,0.092641,0.206191,1.008904,1.028681,2,A
mpi-blockcyclic,31178000,16,1,1926228,0.000036,0.000050,0.636036,0.033395,0.093886,0.200432,0.994728,1.010769,3,A
mpi-blockcyclic,32957000,16,1,2029180,0.000032,0.000069,0.694996,0.044774,0.098601,0.216582,1.075925,1.019839,1,A
mpi-blockcyclic,32957000,16,1,2029180,0.000049,0.000059,0.686877,0.043359,0.096821,0.254643,1.112609,1.007504,2,A
mpi-blockcyclic,32957000,16,1,2029180,0.000040,0.000069,0.686531,0.042730,0.100732,0.222905,1.073124,1.007038,3,A
mpi-blockcyclic,34838000,16,1,2137395,0.000037,0.000060,0.742039,0.260209,0.104251,0.236266,1.364385,1.006097,1,A
mpi-blockcyclic,34838000,16,1,2137395,0.000036,0.000051,0.749415,0.040988,0.109218,0.278984,1.210095,1.016024,2,A
mpi-blockcyclic,34838000,16,1,2137395,0.000038,0.000082,0.843178,0.046653,0.102929,0.234599,1.248906,1.143594,3,A
mpi-blockcyclic,36826000,16,1,2251737,0.000037,0.000050,0.806499,0.047017,0.112365,0.227637,1.225793,1.009736,1,A
mpi-blockcyclic,36826000,16,1,2251737,0.000038,0.000056,0.809265,0.046999,0.108273,0.214603,1.190474,1.013388,2,A
mpi-blockcyclic,36826000,16,1,2251737,0.000038,0.000059,0.822764,0.045301,0.119833,0.232622,1.236163,1.029999,3,A
mpi-blockcyclic,38927000,16,1,2372254,0.000040,0.000057,1.023566,0.044020,0.114213,0.237712,1.450013,1.184682,1,A
mpi-blockcyclic,38927000,16,1,2372254,0.000045,0.000055,0.875986,0.044642,0.117720,0.264725,1.329484,1.014699,2,A
mpi-blockcyclic,38927000,16,1,2372254,0.000037,0.000057,0.872926,0.043488,0.113889,0.222986,1.274163,1.010163,3,A
mpi-blockcyclic,41149000,16,1,2499290,0.000033,0.000051,1.110189,0.044584,0.119873,0.239666,1.526944,1.188736,1,A
mpi-blockcyclic,41149000,16,1,2499290,0.000038,0.000042,0.966883,0.041560,0.118385,0.215308,1.362915,1.035689,2,A
mpi-blockcyclic,41149000,16,1,2499290,0.000031,0.000071,0.970559,0.049425,0.120981,0.215886,1.379268,1.040051,3,A
mpi-blockcyclic,43497000,16,1,2632821,0.000048,0.000103,1.116498,0.048755,0.125388,0.269781,1.580635,1.104144,1,A
mpi-blockcyclic,43497000,16,1,2632821,0.000038,0.000063,1.021306,0.047817,0.124914,0.244696,1.450543,1.010126,2,A
mpi-blockcyclic,43497000,16,1,2632821,0.000047,0.000060,1.063980,0.049105,0.125095,0.233805,1.492694,1.052159,3,A
