impl,sweep,n,procs,threads,workers,t_serial_ref,t_total_median,t_compute_median,speedup_empirical,serial_fraction,parallel_fraction,serial_fraction_amdahl,serial_fraction_gustafson,speedup_amdahl,speedup_gustafson,karp_flatt,efficiency
hybrid-block,C,100000000,4,16,64,53.720023,1.795043,1.170536,29.9269,0.286163,0.713837,0.009013,0.286163,40.8205,45.9717,0.018072,0.4676
hybrid-blockcyclic,B,100000000,1,16,16,53.720023,4.308283,3.355815,12.469,0.151807,0.848193,0.009013,0.151807,14.0944,13.7229,0.018879,0.7793
hybrid-blockcyclic,B,100000000,16,1,16,53.720023,4.243381,3.434521,12.6597,0.184995,0.815005,0.009013,0.184995,14.0944,13.2251,0.01759,0.7912
hybrid-blockcyclic,B,100000000,16,2,32,53.720023,2.624505,1.78332,20.4686,0.308758,0.691242,0.009013,0.308758,25.0115,22.4285,0.018173,0.6396
hybrid-blockcyclic,B,100000000,16,4,64,53.720023,1.808623,0.986954,29.7022,0.439855,0.560145,0.009013,0.439855,40.8205,36.2891,0.018329,0.4641
hybrid-blockcyclic,B,100000000,2,16,32,53.720023,2.545354,1.684732,21.1051,0.277743,0.722257,0.009013,0.277743,25.0115,23.39,0.016652,0.6595
hybrid-blockcyclic,B,100000000,2,8,16,53.720023,4.270578,3.418576,12.5791,0.164702,0.835298,0.009013,0.164702,14.0944,13.5295,0.01813,0.7862
hybrid-blockcyclic,B,100000000,32,1,32,53.720023,2.880024,2.027028,18.6526,0.290767,0.709233,0.009013,0.290767,25.0115,22.9862,0.023083,0.5829
hybrid-blockcyclic,B,100000000,32,2,64,53.720023,2.16756,1.152411,24.7836,0.41889,0.58111,0.009013,0.41889,40.8205,37.6099,0.025117,0.3872
hybrid-blockcyclic,B,100000000,4,1,4,53.720023,14.178272,13.348386,3.7889,0.052892,0.947108,0.009013,0.052892,3.8947,3.8413,0.018572,0.9472
hybrid-blockcyclic,A,100000000,4,16,64,53.720023,1.755943,0.868538,30.5933,0.448169,0.551831,0.009013,0.448169,40.8205,35.7654,0.017333,0.478
hybrid-blockcyclic,B,100000000,4,16,64,53.720023,1.789837,0.925562,30.0139,0.432553,0.567447,0.009013,0.432553,40.8205,36.7492,0.017974,0.469
hybrid-blockcyclic,C,100000000,4,16,64,53.720023,1.771134,0.895392,30.3309,0.433774,0.566226,0.009013,0.433774,40.8205,36.6723,0.01762,0.4739
hybrid-blockcyclic,B,100000000,4,2,8,53.720023,7.608314,6.739951,7.0607,0.101769,0.898231,0.009013,0.101769,7.5252,7.2876,0.019005,0.8826
hybrid-blockcyclic,B,100000000,4,4,16,53.720023,4.249542,3.451873,12.6414,0.168507,0.831493,0.009013,0.168507,14.0944,13.4724,0.017712,0.7901
hybrid-blockcyclic,B,100000000,4,8,32,53.720023,2.560468,1.705353,20.9805,0.300903,0.699097,0.009013,0.300903,25.0115,22.672,0.016943,0.6556
hybrid-blockcyclic,B,100000000,64,1,64,53.720023,2.38562,1.469902,22.5183,0.387466,0.612534,0.009013,0.387466,40.8205,39.5896,0.02924,0.3518
hybrid-blockcyclic,B,100000000,8,2,16,53.720023,4.203543,3.400158,12.7797,0.182331,0.817669,0.009013,0.182331,14.0944,13.265,0.016799,0.7987
hybrid-blockcyclic,B,100000000,8,4,32,53.720023,2.663703,1.725157,20.1674,0.333496,0.666504,0.009013,0.333496,25.0115,21.6616,0.018926,0.6302
hybrid-blockcyclic,B,100000000,8,8,64,53.720023,1.768935,0.954461,30.3686,0.43694,0.56306,0.009013,0.43694,40.8205,36.4728,0.017578,0.4745
hybrid-blockcyclic,A,20000000,4,16,64,5.488615,0.325752,0.110275,16.8491,0.586881,0.413119,0.021227,0.586881,27.3824,27.0265,0.04442,0.2633
hybrid-blockcyclic,A,21141000,4,16,64,5.937851,0.351726,0.119271,16.882,0.576608,0.423392,0.020489,0.576608,27.938,27.6737,0.044302,0.2638
hybrid-blockcyclic,A,22347000,4,16,64,6.425766,0.345838,0.120369,18.5803,0.574503,0.425497,0.019574,0.574503,28.6589,27.8063,0.038802,0.2903
hybrid-blockcyclic,A,23623000,4,16,64,6.957785,0.427587,0.139393,16.2722,0.615711,0.384289,0.020804,0.615711,27.6978,25.2102,0.046557,0.2543
hybrid-blockcyclic,A,24971000,4,16,64,7.512511,0.407009,0.138895,18.4578,0.577203,0.422797,0.017964,0.577203,30.0224,27.6362,0.039164,0.2884
hybrid-blockcyclic,A,26396000,4,16,64,8.154228,0.485407,0.173027,16.7987,0.557132,0.442868,0.021284,0.557132,27.3399,28.9007,0.0446,0.2625
hybrid-blockcyclic,A,27902000,4,16,64,8.803959,0.496546,0.170208,17.7304,0.596967,0.403033,0.020163,0.596967,28.1906,26.3911,0.041423,0.277
hybrid-blockcyclic,A,29494000,4,16,64,9.524709,0.506833,0.181768,18.7926,0.583717,0.416283,0.01988,0.583717,28.4133,27.2258,0.038184,0.2936
hybrid-blockcyclic,A,31178000,4,16,64,10.305868,0.512683,0.170951,20.1018,0.604634,0.395366,0.019485,0.604634,28.7308,25.908,0.034663,0.3141
hybrid-blockcyclic,A,32957000,4,16,64,11.128307,0.558398,0.200182,19.929,0.581919,0.418081,0.017691,0.581919,30.2665,27.3391,0.035102,0.3114
hybrid-blockcyclic,A,34838000,4,16,64,12.039269,0.790651,0.374551,15.227,0.468751,0.531249,0.016402,0.468751,31.4751,34.4687,0.050842,0.2379
hybrid-blockcyclic,A,36826000,4,16,64,13.000497,0.674644,0.267058,19.2702,0.533206,0.466794,0.013726,0.533206,34.3213,30.408,0.036844,0.3011
hybrid-blockcyclic,A,38927000,4,16,64,14.064431,0.65828,0.243752,21.3654,0.573899,0.426101,0.014785,0.573899,33.1357,27.8443,0.031675,0.3338
hybrid-blockcyclic,A,41149000,4,16,64,15.23315,0.749391,0.313801,20.3274,0.520913,0.479087,0.015027,0.520913,32.8764,31.1825,0.034103,0.3176
hybrid-blockcyclic,A,43497000,4,16,64,16.481072,0.783418,0.333539,21.0374,0.509279,0.490721,0.014317,0.509279,33.6493,31.9154,0.032416,0.3287
hybrid-blockcyclic,A,45979000,4,16,64,17.835452,0.807929,0.3302,22.0755,0.536011,0.463989,0.01493,0.536011,32.9796,30.2313,0.030145,0.3449
hybrid-blockcyclic,A,48603000,4,16,64,19.307003,1.041836,0.403452,18.5317,0.510091,0.489909,0.015407,0.510091,32.4769,31.8643,0.038945,0.2896
hybrid-blockcyclic,A,51377000,4,16,64,20.865742,0.902245,0.403957,23.1265,0.492111,0.507889,0.014276,0.492111,33.6946,32.997,0.028054,0.3614
hybrid-blockcyclic,A,54309000,4,16,64,22.976205,0.968568,0.425374,23.7218,0.503051,0.496949,0.017543,0.503051,30.4007,32.3078,0.026951,0.3707
hybrid-blockcyclic,A,57408000,4,16,64,24.451163,1.015218,0.463898,24.0846,0.490657,0.509343,0.01308,0.490657,35.0871,33.0886,0.026306,0.3763
hybrid-blockcyclic,A,60684000,4,16,64,26.449633,1.004139,0.425531,26.3406,0.524474,0.475526,0.012167,0.524474,36.2292,30.9582,0.022694,0.4116
hybrid-blockcyclic,A,64147000,4,16,64,28.592261,1.070507,0.477421,26.7091,0.501213,0.498787,0.01092,0.501213,37.9151,32.4236,0.022162,0.4173
hybrid-blockcyclic,A,67808000,4,16,64,30.934353,1.267085,0.529229,24.4138,0.53534,0.46466,0.011065,0.53534,37.7119,30.2736,0.025738,0.3815
hybrid-blockcyclic,A,71677000,4,16,64,33.44491,1.196366,0.531236,27.9554,0.496158,0.503842,0.010952,0.496158,37.8707,32.742,0.020466,0.4368
hybrid-blockcyclic,A,75768000,4,16,64,36.27798,1.404852,0.653542,25.8233,0.474635,0.525365,0.011687,0.474635,36.8603,34.098,0.023466,0.4035
hybrid-blockcyclic,A,80092000,4,16,64,39.105084,1.405386,0.669734,27.8252,0.484886,0.515114,0.008423,0.484886,41.8118,33.4522,0.020636,0.4348
hybrid-blockcyclic,A,84662000,4,16,64,42.284353,1.513963,0.705445,27.9296,0.484017,0.515983,0.007717,0.484017,43.0633,33.5069,0.0205,0.4364
hybrid-blockcyclic,A,89494000,4,16,64,45.779706,1.756785,0.770135,26.0588,0.485251,0.514749,0.007539,0.485251,43.3919,33.4292,0.023111,0.4072
hybrid-blockcyclic,A,94601000,4,16,64,49.532359,1.699088,0.808816,29.1523,0.476185,0.523815,0.007445,0.476185,43.5656,34.0003,0.018974,0.4555
hybrid-dynamic,C,100000000,4,16,64,53.720023,2.466468,1.502759,21.7801,0.33084,0.66916,0.009013,0.33084,40.8205,43.1571,0.030769,0.3403
mpi-block,C,100000000,16,1,16,53.720023,5.351348,4.691889,10.0386,0.109166,0.890834,0.009013,0.109166,14.0944,14.3625,0.03959,0.6274
mpi-blockcyclic,B,100000000,1,1,1,53.720023,53.972238,53.195909,0.9953,0.014527,0.985473,0.009013,0.014527,1.0,1.0,,0.9953
mpi-blockcyclic,B,100000000,12,1,12,53.720023,5.433017,4.458829,9.8877,0.164004,0.835996,0.009013,0.164004,10.9176,10.196,0.019421,0.824
mpi-blockcyclic,A,100000000,16,1,16,53.720023,4.366366,3.438296,12.3031,0.204227,0.795773,0.009013,0.204227,14.0944,12.9366,0.020032,0.7689
mpi-blockcyclic,B,100000000,16,1,16,53.720023,4.381119,3.357106,12.2617,0.230345,0.769655,0.009013,0.230345,14.0944,12.5448,0.020325,0.7664
mpi-blockcyclic,C,100000000,16,1,16,53.720023,4.349526,3.443546,12.3508,0.19733,0.80267,0.009013,0.19733,14.0944,13.0401,0.019698,0.7719
mpi-blockcyclic,B,100000000,2,1,2,53.720023,27.475899,26.611577,1.9552,0.031075,0.968925,0.009013,0.031075,1.9821,1.9689,0.02293,0.9776
mpi-blockcyclic,B,100000000,24,1,24,53.720023,3.193149,2.245017,16.8235,0.289514,0.710486,0.009013,0.289514,19.879,17.3412,0.018547,0.701
mpi-blockcyclic,B,100000000,32,1,32,53.720023,2.573218,1.682,20.8766,0.344093,0.655907,0.009013,0.344093,25.0115,21.3331,0.017188,0.6524
mpi-blockcyclic,B,100000000,4,1,4,53.720023,14.28141,13.33421,3.7615,0.064764,0.935236,0.009013,0.064764,3.8947,3.8057,0.021132,0.9404
mpi-blockcyclic,B,100000000,48,1,48,53.720023,2.301748,1.25903,23.3388,0.425671,0.574329,0.009013,0.425671,33.7167,27.9934,0.022482,0.4862
mpi-blockcyclic,B,100000000,64,1,64,53.720023,2.250201,1.28977,23.8734,0.420778,0.579222,0.009013,0.420778,40.8205,37.491,0.026679,0.373
mpi-blockcyclic,B,100000000,8,1,8,53.720023,7.677083,6.727219,6.9975,0.113289,0.886711,0.009013,0.113289,7.5252,7.207,0.020468,0.8747
mpi-blockcyclic,A,20000000,16,1,16,5.488615,0.583786,0.347341,9.4018,0.384702,0.615298,0.021227,0.384702,12.1359,10.2295,0.046787,0.5876
mpi-blockcyclic,A,21141000,16,1,16,5.937851,0.63716,0.374683,9.3192,0.401667,0.598333,0.020489,0.401667,12.2387,9.975,0.047792,0.5825
mpi-blockcyclic,A,22347000,16,1,16,6.425766,0.691748,0.401785,9.2892,0.392064,0.607936,0.019574,0.392064,12.3685,10.119,0.048162,0.5806
mpi-blockcyclic,A,23623000,16,1,16,6.957785,0.712675,0.43046,9.7629,0.376412,0.623588,0.020804,0.376412,12.1946,10.3538,0.04259,0.6102
mpi-blockcyclic,A,24971000,16,1,16,7.512511,0.789022,0.46746,9.5213,0.392564,0.607436,0.017964,0.392564,12.6038,10.1115,0.045363,0.5951
mpi-blockcyclic,A,26396000,16,1,16,8.154228,0.961133,0.511075,8.484,0.382617,0.617383,0.021284,0.382617,12.128,10.2607,0.059061,0.5302
mpi-blockcyclic,A,27902000,16,1,16,8.803959,0.888772,0.550023,9.9058,0.365588,0.634412,0.020163,0.365588,12.2846,10.5162,0.041015,0.6191
mpi-blockcyclic,A,29494000,16,1,16,9.524709,0.922181,0.594341,10.3285,0.333157,0.666843,0.01988,0.333157,12.3247,11.0026,0.036608,0.6455
mpi-blockcyclic,A,31178000,16,1,16,10.305868,0.994728,0.641361,10.3605,0.33823,0.66177,0.019485,0.33823,12.3812,10.9265,0.036289,0.6475
mpi-blockcyclic,A,32957000,16,1,16,11.128307,1.075925,0.686877,10.343,0.347914,0.652086,0.017691,0.347914,12.6445,10.7813,0.036463,0.6464
mpi-blockcyclic,A,34838000,16,1,16,12.039269,1.248906,0.749415,9.6399,0.364198,0.635802,0.016402,0.364198,12.8407,10.537,0.043985,0.6025
mpi-blockcyclic,A,36826000,16,1,16,13.000497,1.225793,0.809265,10.6058,0.323567,0.676433,0.013726,0.323567,13.2682,11.1465,0.033907,0.6629
mpi-blockcyclic,A,38927000,16,1,16,14.064431,1.329484,0.875986,10.5789,0.311347,0.688653,0.014785,0.311347,13.0957,11.3298,0.034163,0.6612
mpi-blockcyclic,A,41149000,16,1,16,15.23315,1.379268,0.970559,11.0444,0.284751,0.715249,0.015027,0.284751,13.057,11.7287,0.029913,0.6903
mpi-blockcyclic,A,43497000,16,1,16,16.481072,1.492694,1.06398,11.0412,0.281826,0.718174,0.014317,0.281826,13.1714,11.7726,0.029942,0.6901
mpi-blockcyclic,A,45979000,16,1,16,17.835452,1.750862,1.278712,10.1867,0.256006,0.743994,0.01493,0.256006,13.0724,12.1599,0.038045,0.6367
mpi-blockcyclic,A,48603000,16,1,16,19.307003,1.776239,1.261477,10.8696,0.280436,0.719564,0.015407,0.280436,12.9965,11.7935,0.031466,0.6793
mpi-blockcyclic,A,51377000,16,1,16,20.865742,1.779277,1.295069,11.7271,0.257779,0.742221,0.014276,0.257779,13.178,12.1333,0.024291,0.7329
mpi-blockcyclic,A,54309000,16,1,16,22.976205,1.953037,1.420679,11.7643,0.265806,0.734194,0.017543,0.265806,12.6668,12.0129,0.024003,0.7353
mpi-blockcyclic,A,57408000,16,1,16,24.451163,2.112697,1.563071,11.5734,0.252462,0.747538,0.01308,0.252462,13.3757,12.2131,0.025498,0.7233
mpi-blockcyclic,A,60684000,16,1,16,26.449633,2.252214,1.714962,11.7438,0.238909,0.761091,0.012167,0.238909,13.5306,12.4164,0.024161,0.734
mpi-blockcyclic,A,64147000,16,1,16,28.592261,2.383158,1.781331,11.9976,0.241429,0.758571,0.01092,0.241429,13.748,12.3786,0.02224,0.7499
mpi-blockcyclic,A,67808000,16,1,16,30.934353,2.543954,1.929929,12.1599,0.234475,0.765525,0.011065,0.234475,13.7225,12.4829,0.021053,0.76
mpi-blockcyclic,A,71677000,16,1,16,33.44491,2.782422,2.168891,12.0201,0.218204,0.781796,0.010952,0.218204,13.7424,12.7269,0.022074,0.7513
mpi-blockcyclic,A,75768000,16,1,16,36.27798,3.032766,2.331813,11.962,0.219435,0.780565,0.011687,0.219435,13.6135,12.7085,0.022505,0.7476
mpi-blockcyclic,A,80092000,16,1,16,39.105084,3.190293,2.430806,12.2575,0.228196,0.771804,0.008423,0.228196,14.2052,12.5771,0.020355,0.7661
mpi-blockcyclic,A,84662000,16,1,16,42.284353,3.555321,2.633507,11.8933,0.248874,0.751126,0.007717,0.248874,14.34,12.2669,0.02302,0.7433
mpi-blockcyclic,A,89494000,16,1,16,45.779706,3.668341,2.841949,12.4797,0.221031,0.778969,0.007539,0.221031,14.3746,12.6845,0.018806,0.78
mpi-blockcyclic,A,94601000,16,1,16,49.532359,3.954759,3.088697,12.5247,0.215208,0.784792,0.007445,0.215208,14.3927,12.7719,0.018498,0.7828
mpi-cyclic,C,100000000,16,1,16,53.720023,4.352021,3.356848,12.3437,0.223551,0.776449,0.009013,0.223551,14.0944,12.6467,0.019747,0.7715
mpi-dynamic,C,100000000,16,1,16,53.720023,4.65655,3.781161,11.5364,0.182947,0.817053,0.009013,0.182947,14.0944,13.2558,0.025794,0.721
openmp-dynamic-4096,B,100000000,1,1,1,53.720023,53.854489,53.247138,0.9975,0.011278,0.988722,0.009013,0.011278,1.0,1.0,,0.9975
openmp-dynamic-4096,B,100000000,1,10,10,53.720023,6.091639,5.366957,8.8186,0.11752,0.88248,0.009013,0.11752,9.2497,8.9423,0.014885,0.8819
openmp-dynamic-4096,B,100000000,1,12,12,53.720023,5.12063,4.489545,10.4909,0.123242,0.876758,0.009013,0.123242,10.9176,10.6443,0.013077,0.8742
openmp-dynamic-4096,B,100000000,1,14,14,53.720023,4.579254,3.874614,11.7312,0.145156,0.854844,0.009013,0.145156,12.5316,12.113,0.014877,0.8379
openmp-dynamic-4096,A,100000000,1,16,16,53.720023,3.977207,3.444489,13.507,0.131924,0.868076,0.009013,0.131924,14.0944,14.0211,0.012305,0.8442
openmp-dynamic-4096,B,100000000,1,16,16,53.720023,4.010937,3.379211,13.3934,0.157666,0.842334,0.009013,0.157666,14.0944,13.635,0.012975,0.8371
openmp-dynamic-4096,C,100000000,1,16,16,53.720023,4.016373,3.375764,13.3753,0.159224,0.840776,0.009013,0.159224,14.0944,13.6116,0.013083,0.836
openmp-dynamic-4096,B,100000000,1,2,2,53.720023,27.347923,26.664883,1.9643,0.025562,0.974438,0.009013,0.025562,1.9821,1.9744,0.018165,0.9822
openmp-dynamic-4096,B,100000000,1,4,4,53.720023,14.055636,13.376532,3.822,0.048315,0.951685,0.009013,0.048315,3.8947,3.8551,0.015528,0.9555
openmp-dynamic-4096,B,100000000,1,6,6,53.720023,9.562205,8.891739,5.618,0.070116,0.929884,0.009013,0.070116,5.7413,5.6494,0.013601,0.9363
openmp-dynamic-4096,B,100000000,1,8,8,53.720023,7.351352,6.673662,7.3075,0.091666,0.908334,0.009013,0.091666,7.5252,7.3583,0.013538,0.9134
openmp-dynamic-4096,A,20000000,1,16,16,5.488615,0.476298,0.338443,11.5235,0.289612,0.710388,0.021227,0.289612,12.1359,11.6558,0.025898,0.7202
openmp-dynamic-4096,A,21141000,1,16,16,5.937851,0.54149,0.390082,10.9658,0.271845,0.728155,0.020489,0.271845,12.2387,11.9223,0.030606,0.6854
openmp-dynamic-4096,A,22347000,1,16,16,6.425766,0.562591,0.398551,11.4217,0.28514,0.71486,0.019574,0.28514,12.3685,11.7229,0.026723,0.7139
openmp-dynamic-4096,A,23623000,1,16,16,6.957785,0.635676,0.441137,10.9455,0.306026,0.693974,0.020804,0.306026,12.1946,11.4096,0.030786,0.6841
openmp-dynamic-4096,A,24971000,1,16,16,7.512511,0.671033,0.47306,11.1954,0.295023,0.704977,0.017964,0.295023,12.6038,11.5747,0.02861,0.6997
openmp-dynamic-4096,A,26396000,1,16,16,8.154228,0.703101,0.510661,11.5975,0.273696,0.726304,0.021284,0.273696,12.128,11.8946,0.025307,0.7248
openmp-dynamic-4096,A,27902000,1,16,16,8.803959,0.821967,0.590362,10.7108,0.281765,0.718235,0.020163,0.281765,12.2846,11.7735,0.032921,0.6694
openmp-dynamic-4096,A,29494000,1,16,16,9.524709,0.830904,0.598731,11.4631,0.279418,0.720582,0.01988,0.279418,12.3247,11.8087,0.026386,0.7164
openmp-dynamic-4096,A,31178000,1,16,16,10.305868,0.867628,0.643308,11.8782,0.261887,0.738113,0.019485,0.261887,12.3812,12.0717,0.023134,0.7424
openmp-dynamic-4096,A,32957000,1,16,16,11.128307,0.924317,0.696306,12.0395,0.250527,0.749473,0.017691,0.250527,12.6445,12.2421,0.021931,0.7525
openmp-dynamic-4096,A,34838000,1,16,16,12.039269,1.035947,0.764752,11.6215,0.253186,0.746814,0.016402,0.253186,12.8407,12.2022,0.025117,0.7263
openmp-dynamic-4096,A,36826000,1,16,16,13.000497,1.046141,0.812374,12.4271,0.224336,0.775664,0.013726,0.224336,13.2682,12.635,0.019167,0.7767
openmp-dynamic-4096,A,38927000,1,16,16,14.064431,1.173213,0.883496,11.988,0.237485,0.762515,0.014785,0.237485,13.0957,12.4377,0.022311,0.7492
openmp-dynamic-4096,A,41149000,1,16,16,15.23315,1.288866,1.010685,11.819,0.209622,0.790378,0.015027,0.209622,13.057,12.8557,0.023583,0.7387
openmp-dynamic-4096,A,43497000,1,16,16,16.481072,1.330498,1.027688,12.3871,0.227513,0.772487,0.014317,0.227513,13.1714,12.5873,0.019444,0.7742
openmp-dynamic-4096,A,45979000,1,16,16,17.835452,1.449779,1.113709,12.3022,0.22744,0.77256,0.01493,0.22744,13.0724,12.5884,0.020039,0.7689
openmp-dynamic-4096,A,48603000,1,16,16,19.307003,1.558552,1.202533,12.3878,0.228425,0.771575,0.015407,0.228425,12.9965,12.5736,0.01944,0.7742
openmp-dynamic-4096,A,51377000,1,16,16,20.865742,1.656711,1.301764,12.5947,0.218125,0.781875,0.014276,0.218125,13.178,12.7281,0.018025,0.7872
openmp-dynamic-4096,A,54309000,1,16,16,22.976205,1.973561,1.422592,11.642,0.275871,0.724129,0.017543,0.275871,12.6668,11.8619,0.024956,0.7276
openmp-dynamic-4096,A,57408000,1,16,16,24.451163,1.948798,1.527958,12.5468,0.221023,0.778977,0.01308,0.221023,13.3757,12.6847,0.018348,0.7842
openmp-dynamic-4096,A,60684000,1,16,16,26.449633,2.073537,1.667355,12.7558,0.193509,0.806491,0.012167,0.193509,13.5306,13.0974,0.016955,0.7972
openmp-dynamic-4096,A,64147000,1,16,16,28.592261,2.211451,1.812282,12.9292,0.172951,0.827049,0.01092,0.172951,13.748,13.4057,0.015834,0.8081
openmp-dynamic-4096,A,67808000,1,16,16,30.934353,2.48491,2.045285,12.4489,0.176916,0.823084,0.011065,0.176916,13.7225,13.3463,0.019017,0.7781
openmp-dynamic-4096,A,71677000,1,16,16,33.44491,2.738562,2.291014,12.2126,0.178116,0.821884,0.010952,0.178116,13.7424,13.3283,0.020675,0.7633
openmp-dynamic-4096,A,75768000,1,16,16,36.27798,3.342782,2.865604,10.8526,0.155315,0.844685,0.011687,0.155315,13.6135,13.6703,0.03162,0.6783
openmp-dynamic-4096,A,80092000,1,16,16,39.105084,2.87947,2.438046,13.5807,0.150063,0.849937,0.008423,0.150063,14.2052,13.7491,0.011876,0.8488
openmp-dynamic-4096,A,84662000,1,16,16,42.284353,3.070278,2.629292,13.7722,0.142952,0.857048,0.007717,0.142952,14.34,13.8557,0.010784,0.8608
openmp-dynamic-4096,A,89494000,1,16,16,45.779706,3.321422,2.846729,13.7832,0.143198,0.856802,0.007539,0.143198,14.3746,13.852,0.010722,0.8614
openmp-dynamic-4096,A,94601000,1,16,16,49.532359,3.669362,3.179592,13.4989,0.133474,0.866526,0.007445,0.133474,14.3927,13.9979,0.012352,0.8437
openmp-guided-0,C,100000000,1,16,16,53.720023,4.000587,3.344141,13.428,0.163458,0.836542,0.009013,0.163458,14.0944,13.5481,0.012769,0.8393
openmp-static-0,C,100000000,1,16,16,53.720023,5.377079,4.740551,9.9906,0.115539,0.884461,0.009013,0.115539,14.0944,14.2669,0.040101,0.6244
openmp-static-4096,C,100000000,1,16,16,53.720023,4.055164,3.370179,13.2473,0.162784,0.837216,0.009013,0.162784,14.0944,13.5582,0.013853,0.828
pthreads,B,100000000,1,1,1,53.720023,53.692514,53.223464,1.0005,0.008794,0.991206,0.009013,0.008794,1.0,1.0,,1.0005
pthreads,B,100000000,1,10,10,53.720023,8.097293,7.498671,6.6343,0.071055,0.928945,0.009013,0.071055,9.2497,9.3605,0.056368,0.6634
pthreads,B,100000000,1,12,12,53.720023,6.931326,6.382653,7.7503,0.079157,0.920843,0.009013,0.079157,10.9176,11.1293,0.049847,0.6459
pthreads,B,100000000,1,14,14,53.720023,5.924932,5.383975,9.0668,0.0913,0.9087,0.009013,0.0913,12.5316,12.8131,0.041854,0.6476
pthreads,A,100000000,1,16,16,53.720023,5.191852,4.762742,10.347,0.080315,0.919685,0.009013,0.080315,14.0944,14.7953,0.036423,0.6467
pthreads,B,100000000,1,16,16,53.720023,5.260864,4.747353,10.2113,0.097608,0.902392,0.009013,0.097608,14.0944,14.5359,0.037793,0.6382
pthreads,B,100000000,1,2,2,53.720023,34.251486,33.627067,1.5684,0.01823,0.98177,0.009013,0.01823,1.9821,1.9818,0.275185,0.7842
pthreads,B,100000000,1,4,4,53.720023,18.648431,18.024326,2.8807,0.033131,0.966869,0.009013,0.033131,3.8947,3.9006,0.129522,0.7202
pthreads,B,100000000,1,6,6,53.720023,12.777468,12.232037,4.2043,0.041467,0.958533,0.009013,0.041467,5.7413,5.7927,0.085424,0.7007
pthreads,B,100000000,1,8,8,53.720023,9.860084,9.303759,5.4482,0.056822,0.943178,0.009013,0.056822,7.5252,7.6022,0.066909,0.681
pthreads,A,20000000,1,16,16,5.488615,0.587495,0.47134,9.3424,0.19733,0.80267,0.021227,0.19733,12.1359,13.0401,0.047508,0.5839
pthreads,A,21141000,1,16,16,5.937851,0.647664,0.524711,9.1681,0.189832,0.810168,0.020489,0.189832,12.2387,13.1525,0.049679,0.573
pthreads,A,22347000,1,16,16,6.425766,0.697219,0.56762,9.2163,0.185875,0.814125,0.019574,0.185875,12.3685,13.2119,0.049071,0.576
pthreads,A,23623000,1,16,16,6.957785,0.768733,0.606593,9.051,0.194734,0.805266,0.020804,0.194734,12.1946,13.079,0.051184,0.5657
pthreads,A,24971000,1,16,16,7.512511,0.808117,0.651352,9.2963,0.193982,0.806018,0.017964,0.193982,12.6038,13.0903,0.048074,0.581
pthreads,A,26396000,1,16,16,8.154228,0.873238,0.710311,9.3379,0.188398,0.811602,0.021284,0.188398,12.128,13.174,0.047563,0.5836
pthreads,A,27902000,1,16,16,8.803959,1.052109,0.825258,8.3679,0.209231,0.790769,0.020163,0.209231,12.2846,12.8615,0.060804,0.523
pthreads,A,29494000,1,16,16,9.524709,1.051012,0.832958,9.0624,0.176959,0.823041,0.01988,0.176959,12.3247,13.3456,0.051036,0.5664
pthreads,A,31178000,1,16,16,10.305868,1.096277,0.908304,9.4008,0.171461,0.828539,0.019485,0.171461,12.3812,13.4281,0.046799,0.5875
pthreads,A,32957000,1,16,16,11.128307,1.158189,0.967645,9.6084,0.166255,0.833745,0.017691,0.166255,12.6445,13.5062,0.044348,0.6005
pthreads,A,34838000,1,16,16,12.039269,1.274473,1.053515,9.4465,0.169024,0.830976,0.016402,0.169024,12.8407,13.4646,0.04625,0.5904
pthreads,A,36826000,1,16,16,13.000497,1.348983,1.134703,9.6373,0.148996,0.851004,0.013726,0.148996,13.2682,13.7651,0.044015,0.6023
pthreads,A,38927000,1,16,16,14.064431,1.505834,1.251947,9.34,0.150741,0.849259,0.014785,0.150741,13.0957,13.7389,0.047538,0.5837
pthreads,A,41149000,1,16,16,15.23315,1.599568,1.361674,9.5233,0.152925,0.847075,0.015027,0.152925,13.057,13.7061,0.045339,0.5952
pthreads,A,43497000,1,16,16,16.481072,1.696531,1.438767,9.7146,0.15574,0.84426,0.014317,0.15574,13.1714,13.6639,0.043134,0.6072
pthreads,A,45979000,1,16,16,17.835452,1.835602,1.557288,9.7164,0.152572,0.847428,0.01493,0.152572,13.0724,13.7114,0.043113,0.6073
pthreads,A,48603000,1,16,16,19.307003,2.00548,1.690652,9.6271,0.155643,0.844357,0.015407,0.155643,12.9965,13.6654,0.044131,0.6017
pthreads,A,51377000,1,16,16,20.865742,2.123895,1.81853,9.8243,0.144528,0.855472,0.014276,0.144528,13.178,13.8321,0.041908,0.614
pthreads,A,54309000,1,16,16,22.976205,2.361576,1.971724,9.7292,0.150948,0.849052,0.017543,0.150948,12.6668,13.7358,0.042969,0.6081
pthreads,A,57408000,1,16,16,24.451163,2.720552,2.387369,8.9876,0.122467,0.877533,0.01308,0.122467,13.3757,14.163,0.052016,0.5617
pthreads,A,60684000,1,16,16,26.449633,2.73844,2.387642,9.6586,0.120981,0.879019,0.012167,0.120981,13.5306,14.1853,0.04377,0.6037
pthreads,A,64147000,1,16,16,28.592261,2.849362,2.521506,10.0346,0.115061,0.884939,0.01092,0.115061,13.748,14.2741,0.039632,0.6272
pthreads,A,67808000,1,16,16,30.934353,3.114938,2.709689,9.931,0.120787,0.879213,0.011065,0.120787,13.7225,14.1882,0.040741,0.6207
pthreads,A,71677000,1,16,16,33.44491,3.363815,2.931469,9.9426,0.12449,0.87551,0.010952,0.12449,13.7424,14.1326,0.040616,0.6214
pthreads,A,75768000,1,16,16,36.27798,4.585721,4.054466,7.9111,0.100052,0.899948,0.011687,0.100052,13.6135,14.4992,0.068165,0.4944
pthreads,A,80092000,1,16,16,39.105084,3.782165,3.432655,10.3393,0.091238,0.908762,0.008423,0.091238,14.2052,14.6314,0.036499,0.6462
pthreads,A,84662000,1,16,16,42.284353,4.076733,3.722002,10.3721,0.086875,0.913125,0.007717,0.086875,14.34,14.6969,0.036173,0.6483
pthreads,A,89494000,1,16,16,45.779706,4.404169,4.024724,10.3946,0.086435,0.913565,0.007539,0.086435,14.3746,14.7035,0.03595,0.6497
pthreads,A,94601000,1,16,16,49.532359,4.790419,4.390714,10.3399,0.083438,0.916562,0.007445,0.083438,14.3927,14.7484,0.036494,0.6462
serial,A,100000000,1,1,1,53.720023,53.644201,53.248082,1.0014,0.007318,0.992682,0.009013,0.007318,1.0,1.0,,1.0014
serial,B,100000000,1,1,1,53.720023,53.773308,53.244309,0.999,0.009275,0.990725,0.009013,0.009275,1.0,1.0,,0.999
serial,A,20000000,1,1,1,5.488615,5.488615,5.372105,1.0,0.021227,0.978773,0.021227,0.021227,1.0,1.0,,1.0
serial,A,21141000,1,1,1,5.937851,5.937851,5.818602,1.0,0.020489,0.979511,0.020489,0.020489,1.0,1.0,,1.0
serial,A,22347000,1,1,1,6.425766,6.425766,6.300174,1.0,0.019574,0.980426,0.019574,0.019574,1.0,1.0,,1.0
serial,A,23623000,1,1,1,6.957785,6.957785,6.809302,1.0,0.020804,0.979196,0.020804,0.020804,1.0,1.0,,1.0
serial,A,24971000,1,1,1,7.512511,7.512511,7.377551,1.0,0.017964,0.982036,0.017964,0.017964,1.0,1.0,,1.0
serial,A,26396000,1,1,1,8.154228,8.154228,7.984997,1.0,0.021284,0.978716,0.021284,0.021284,1.0,1.0,,1.0
serial,A,27902000,1,1,1,8.803959,8.803959,8.625256,1.0,0.020163,0.979837,0.020163,0.020163,1.0,1.0,,1.0
serial,A,29494000,1,1,1,9.524709,9.524709,9.342812,1.0,0.01988,0.98012,0.01988,0.01988,1.0,1.0,,1.0
serial,A,31178000,1,1,1,10.305868,10.305868,10.105047,1.0,0.019485,0.980515,0.019485,0.019485,1.0,1.0,,1.0
serial,A,32957000,1,1,1,11.128307,11.128307,10.929724,1.0,0.017691,0.982309,0.017691,0.017691,1.0,1.0,,1.0
serial,A,34838000,1,1,1,12.039269,12.039269,11.842535,1.0,0.016402,0.983598,0.016402,0.016402,1.0,1.0,,1.0
serial,A,36826000,1,1,1,13.000497,13.000497,12.822048,1.0,0.013726,0.986274,0.013726,0.013726,1.0,1.0,,1.0
serial,A,38927000,1,1,1,14.064431,14.064431,13.856482,1.0,0.014785,0.985215,0.014785,0.014785,1.0,1.0,,1.0
serial,A,41149000,1,1,1,15.23315,15.23315,15.004234,1.0,0.015027,0.984973,0.015027,0.015027,1.0,1.0,,1.0
serial,A,43497000,1,1,1,16.481072,16.481072,16.244186,1.0,0.014317,0.985683,0.014317,0.014317,1.0,1.0,,1.0
serial,A,45979000,1,1,1,17.835452,17.835452,17.574997,1.0,0.01493,0.98507,0.01493,0.01493,1.0,1.0,,1.0
serial,A,48603000,1,1,1,19.307003,19.307003,19.009535,1.0,0.015407,0.984593,0.015407,0.015407,1.0,1.0,,1.0
serial,A,51377000,1,1,1,20.865742,20.865742,20.570291,1.0,0.014276,0.985724,0.014276,0.014276,1.0,1.0,,1.0
serial,A,54309000,1,1,1,22.976205,22.976205,22.536016,1.0,0.017543,0.982457,0.017543,0.017543,1.0,1.0,,1.0
serial,A,57408000,1,1,1,24.451163,24.451163,24.129839,1.0,0.01308,0.98692,0.01308,0.01308,1.0,1.0,,1.0
serial,A,60684000,1,1,1,26.449633,26.449633,26.093759,1.0,0.012167,0.987833,0.012167,0.012167,1.0,1.0,,1.0
serial,A,64147000,1,1,1,28.592261,28.592261,28.288066,1.0,0.01092,0.98908,0.01092,0.01092,1.0,1.0,,1.0
serial,A,67808000,1,1,1,30.934353,30.934353,30.581981,1.0,0.011065,0.988935,0.011065,0.011065,1.0,1.0,,1.0
serial,A,71677000,1,1,1,33.44491,33.44491,33.084026,1.0,0.010952,0.989048,0.010952,0.010952,1.0,1.0,,1.0
serial,A,75768000,1,1,1,36.27798,36.27798,35.833376,1.0,0.011687,0.988313,0.011687,0.011687,1.0,1.0,,1.0
serial,A,80092000,1,1,1,39.105084,39.105084,38.767181,1.0,0.008423,0.991577,0.008423,0.008423,1.0,1.0,,1.0
serial,A,84662000,1,1,1,42.284353,42.284353,41.95837,1.0,0.007717,0.992283,0.007717,0.007717,1.0,1.0,,1.0
serial,A,89494000,1,1,1,45.779706,45.779706,45.433982,1.0,0.007539,0.992461,0.007539,0.007539,1.0,1.0,,1.0
serial,A,94601000,1,1,1,49.532359,49.532359,49.16566,1.0,0.007445,0.992555,0.007445,0.007445,1.0,1.0,,1.0
