impl,sweep,n,procs,threads,workers,t_serial_ref,t_total_median,t_compute_median,speedup_empirical,serial_fraction,parallel_fraction,speedup_amdahl,speedup_gustafson,efficiency
hybrid-block,C,30000000,4,2,8,2.098305,0.827134,0.72767,2.5368,0.102331,0.897669,4.6611,7.2837,0.3171
hybrid-blockcyclic,A,100000000,4,2,8,11.41697,3.849624,3.491189,2.9657,0.091658,0.908342,4.8733,7.3584,0.3707
hybrid-blockcyclic,A,20000000,4,2,8,1.207148,0.340485,0.274009,3.5454,0.180443,0.819557,3.535,6.7369,0.4432
hybrid-blockcyclic,A,21141000,4,2,8,1.298907,0.367481,0.291726,3.5346,0.185709,0.814291,3.4783,6.7,0.4418
hybrid-blockcyclic,A,22347000,4,2,8,1.454272,0.392926,0.310436,3.7011,0.178449,0.821551,3.5569,6.7509,0.4626
hybrid-blockcyclic,A,23623000,4,2,8,1.71951,0.440534,0.342638,3.9032,0.176647,0.823353,3.577,6.7635,0.4879
hybrid-blockcyclic,A,24971000,4,2,8,1.647411,0.477702,0.387638,3.4486,0.172564,0.827436,3.6233,6.7921,0.4311
hybrid-blockcyclic,A,26396000,4,2,8,1.786891,0.499564,0.407644,3.5769,0.168717,0.831283,3.668,6.819,0.4471
hybrid-blockcyclic,A,27902000,4,2,8,1.964405,0.538575,0.439682,3.6474,0.175313,0.824687,3.592,6.7728,0.4559
hybrid-blockcyclic,A,29494000,4,2,8,2.087151,0.573887,0.470264,3.6369,0.167004,0.832996,3.6883,6.831,0.4546
hybrid-blockcyclic,C,30000000,4,2,8,2.098305,0.744203,0.612497,2.8195,0.159979,0.840021,3.7738,6.8801,0.3524
hybrid-blockcyclic,A,31178000,4,2,8,2.221441,0.638587,0.523566,3.4787,0.14805,0.85195,3.9286,6.9637,0.4348
hybrid-blockcyclic,A,32957000,4,2,8,2.397706,0.643284,0.535385,3.7273,0.156831,0.843169,3.8135,6.9022,0.4659
hybrid-blockcyclic,A,34838000,4,2,8,2.659446,0.711916,0.59646,3.7356,0.14952,0.85048,3.9088,6.9534,0.467
hybrid-blockcyclic,A,36826000,4,2,8,2.813344,0.789968,0.661044,3.5613,0.148624,0.851376,3.9209,6.9596,0.4452
hybrid-blockcyclic,A,38927000,4,2,8,3.107416,0.882981,0.747075,3.5192,0.141115,0.858885,4.0245,7.0122,0.4399
hybrid-blockcyclic,A,41149000,4,2,8,3.295881,0.930474,0.788695,3.5422,0.141273,0.858727,4.0223,7.0111,0.4428
hybrid-blockcyclic,A,43497000,4,2,8,3.532566,0.949751,0.807217,3.7195,0.143565,0.856435,3.9901,6.995,0.4649
hybrid-blockcyclic,A,45979000,4,2,8,3.830585,1.180389,1.004185,3.2452,0.137802,0.862198,4.072,7.0354,0.4056
hybrid-blockcyclic,A,48603000,4,2,8,4.179367,1.136219,0.969686,3.6783,0.134741,0.865259,4.117,7.0568,0.4598
hybrid-blockcyclic,A,51377000,4,2,8,4.473423,1.285413,1.097561,3.4801,0.134994,0.865006,4.1132,7.055,0.435
hybrid-blockcyclic,A,54309000,4,2,8,4.858028,1.596241,1.372936,3.0434,0.120549,0.879451,4.3388,7.1562,0.3804
hybrid-blockcyclic,A,57408000,4,2,8,5.262513,1.485774,1.253791,3.5419,0.136835,0.863165,4.0861,7.0422,0.4427
hybrid-blockcyclic,A,60684000,4,2,8,5.728612,1.653869,1.40649,3.4638,0.128752,0.871248,4.2077,7.0987,0.433
hybrid-blockcyclic,A,64147000,4,2,8,6.27692,1.875013,1.583977,3.3477,0.124339,0.875661,4.2772,7.1296,0.4185
hybrid-blockcyclic,A,67808000,4,2,8,6.602466,2.253133,1.978676,2.9303,0.108139,0.891861,4.5533,7.243,0.3663
hybrid-blockcyclic,A,71677000,4,2,8,7.162235,2.682549,2.372939,2.6699,0.104522,0.895478,4.6199,7.2683,0.3337
hybrid-blockcyclic,A,75768000,4,2,8,7.716722,2.462071,2.17528,3.1342,0.107503,0.892497,4.5649,7.2475,0.3918
hybrid-blockcyclic,A,80092000,4,2,8,8.497212,2.853557,2.553828,2.9778,0.095917,0.904083,4.7863,7.3286,0.3722
hybrid-blockcyclic,A,84662000,4,2,8,9.083967,3.075697,2.760933,2.9535,0.095108,0.904892,4.8026,7.3342,0.3692
hybrid-blockcyclic,A,89494000,4,2,8,9.759206,3.302482,2.970914,2.9551,0.09129,0.90871,4.8809,7.361,0.3694
hybrid-blockcyclic,A,94601000,4,2,8,10.540289,3.607212,3.25192,2.922,0.089503,0.910497,4.9185,7.3735,0.3653
hybrid-dynamic,A,100000000,4,2,8,11.41697,5.601271,5.182027,2.0383,0.06312,0.93688,5.5485,7.5582,0.2548
hybrid-dynamic,A,20000000,4,2,8,1.207148,0.465605,0.396338,2.5926,0.127085,0.872915,4.2337,7.1104,0.3241
hybrid-dynamic,A,21141000,4,2,8,1.298907,0.488639,0.416759,2.6582,0.131405,0.868595,4.167,7.0802,0.3323
hybrid-dynamic,A,22347000,4,2,8,1.454272,0.532951,0.454023,2.7287,0.125563,0.874437,4.2577,7.1211,0.3411
hybrid-dynamic,A,23623000,4,2,8,1.71951,0.586892,0.506053,2.9299,0.121261,0.878739,4.3271,7.1512,0.3662
hybrid-dynamic,A,24971000,4,2,8,1.647411,0.604451,0.514225,2.7255,0.125877,0.874123,4.2527,7.1189,0.3407
hybrid-dynamic,A,26396000,4,2,8,1.786891,0.66183,0.573643,2.6999,0.118432,0.881568,4.3739,7.171,0.3375
hybrid-dynamic,A,27902000,4,2,8,1.964405,0.719678,0.621213,2.7296,0.116188,0.883812,4.4118,7.1867,0.3412
hybrid-dynamic,A,29494000,4,2,8,2.087151,0.76342,0.6653,2.7339,0.114629,0.885371,4.4385,7.1976,0.3417
hybrid-dynamic,B,30000000,10,1,10,2.098305,0.919254,0.763778,2.2826,0.160529,0.839471,4.0904,8.5552,0.2283
hybrid-dynamic,B,30000000,12,1,12,2.098305,1.185246,1.04681,1.7704,0.110837,0.889163,5.4073,10.7808,0.1475
hybrid-dynamic,B,30000000,16,1,16,2.098305,1.027955,0.881623,2.0412,0.140466,0.859534,5.1497,13.893,0.1276
hybrid-dynamic,B,30000000,2,1,2,2.098305,2.302279,2.187409,0.9114,0.039045,0.960955,1.9248,1.961,0.4557
hybrid-dynamic,B,30000000,2,2,4,2.098305,1.369514,1.241665,1.5322,0.071025,0.928975,3.2974,3.7869,0.383
hybrid-dynamic,B,30000000,2,3,6,2.098305,1.044538,0.907928,2.0088,0.096482,0.903518,4.0475,5.5176,0.3348
hybrid-dynamic,B,30000000,2,4,8,2.098305,1.516565,1.385903,1.3836,0.06433,0.93567,5.5161,7.5497,0.1729
hybrid-dynamic,B,30000000,3,1,3,2.098305,1.378506,1.251216,1.5222,0.076384,0.923616,2.6024,2.8472,0.5074
hybrid-dynamic,B,30000000,3,2,6,2.098305,1.093094,0.95577,1.9196,0.100243,0.899757,3.9968,5.4988,0.3199
hybrid-dynamic,B,30000000,3,4,12,2.098305,1.174592,1.036654,1.7864,0.099538,0.900462,5.7281,10.9051,0.1489
hybrid-dynamic,B,30000000,4,1,4,2.098305,1.000087,0.879436,2.0981,0.108469,0.891531,3.0179,3.6746,0.5245
hybrid-dynamic,B,30000000,4,2,8,2.098305,1.014106,0.883992,2.0691,0.112045,0.887955,4.4835,7.2157,0.2586
hybrid-dynamic,C,30000000,4,2,8,2.098305,1.040534,0.911441,2.0166,0.112049,0.887951,4.4834,7.2157,0.2521
hybrid-dynamic,B,30000000,4,3,12,2.098305,0.962139,0.825285,2.1809,0.126233,0.873767,5.0239,10.6114,0.1817
hybrid-dynamic,B,30000000,4,4,16,2.098305,1.175526,1.031625,1.785,0.103684,0.896316,6.2616,14.4447,0.1116
hybrid-dynamic,B,30000000,5,1,5,2.098305,0.920453,0.797477,2.2796,0.125077,0.874923,3.3327,4.4997,0.4559
hybrid-dynamic,B,30000000,5,2,10,2.098305,1.031217,0.887378,2.0348,0.126603,0.873397,4.6742,8.8606,0.2035
hybrid-dynamic,B,30000000,6,1,6,2.098305,0.856594,0.740027,2.4496,0.1282,0.8718,3.6563,5.359,0.4083
hybrid-dynamic,B,30000000,6,2,12,2.098305,0.975949,0.83191,2.15,0.135975,0.864025,4.8082,10.5043,0.1792
hybrid-dynamic,B,30000000,8,1,8,2.098305,0.79601,0.668008,2.636,0.151207,0.848793,3.8864,6.9415,0.3295
hybrid-dynamic,B,30000000,8,2,16,2.098305,1.057215,0.911565,1.9847,0.130926,0.869074,5.3983,14.0361,0.124
hybrid-dynamic,A,31178000,4,2,8,2.221441,0.826966,0.720847,2.6863,0.11182,0.88818,4.4875,7.2173,0.3358
hybrid-dynamic,A,32957000,4,2,8,2.397706,0.912841,0.801455,2.6266,0.107508,0.892492,4.5648,7.2474,0.3283
hybrid-dynamic,A,34838000,4,2,8,2.659446,0.986063,0.861151,2.697,0.105134,0.894866,4.6085,7.2641,0.3371
hybrid-dynamic,A,36826000,4,2,8,2.813344,1.061998,0.938222,2.6491,0.102562,0.897438,4.6568,7.2821,0.3311
hybrid-dynamic,A,38927000,4,2,8,3.107416,1.326455,1.172661,2.3426,0.096697,0.903303,4.7708,7.3231,0.2928
hybrid-dynamic,A,41149000,4,2,8,3.295881,1.203119,1.068473,2.7394,0.100561,0.899439,4.695,7.2961,0.3424
hybrid-dynamic,A,43497000,4,2,8,3.532566,1.3786,1.227939,2.5624,0.096305,0.903695,4.7786,7.3259,0.3203
hybrid-dynamic,A,45979000,4,2,8,3.830585,1.465016,1.29313,2.6147,0.104623,0.895377,4.618,7.2676,0.3268
hybrid-dynamic,A,48603000,4,2,8,4.179367,1.647966,1.472542,2.5361,0.095494,0.904506,4.7948,7.3315,0.317
hybrid-dynamic,A,51377000,4,2,8,4.473423,1.824494,1.621817,2.4519,0.098898,0.901102,4.7273,7.3077,0.3065
hybrid-dynamic,A,54309000,4,2,8,4.858028,2.253997,2.011237,2.1553,0.082989,0.917011,5.0603,7.4191,0.2694
hybrid-dynamic,A,57408000,4,2,8,5.262513,2.452299,2.233988,2.146,0.079079,0.920921,5.1495,7.4464,0.2682
hybrid-dynamic,A,60684000,4,2,8,5.728612,2.629878,2.386932,2.1783,0.081229,0.918771,5.1001,7.4314,0.2723
hybrid-dynamic,A,64147000,4,2,8,6.27692,2.946415,2.688618,2.1304,0.082672,0.917328,5.0674,7.4213,0.2663
hybrid-dynamic,A,67808000,4,2,8,6.602466,3.369169,3.086691,1.9597,0.074308,0.925692,5.2626,7.4798,0.245
hybrid-dynamic,A,71677000,4,2,8,7.162235,3.440227,3.157163,2.0819,0.076587,0.923413,5.208,7.4639,0.2602
hybrid-dynamic,A,75768000,4,2,8,7.716722,3.717965,3.424973,2.0755,0.070659,0.929341,5.3526,7.5054,0.2594
hybrid-dynamic,A,80092000,4,2,8,8.497212,4.090492,3.777918,2.0773,0.068832,0.931168,5.3988,7.5182,0.2597
hybrid-dynamic,A,84662000,4,2,8,9.083967,4.662017,4.328194,1.9485,0.068281,0.931719,5.4129,7.522,0.2436
hybrid-dynamic,A,89494000,4,2,8,9.759206,4.99441,4.613956,1.954,0.064358,0.935642,5.5153,7.5495,0.2443
hybrid-dynamic,A,94601000,4,2,8,10.540289,4.976676,4.616621,2.1179,0.065843,0.934157,5.4761,7.5391,0.2647
hybrid-dynamic(->block@P1),B,30000000,1,1,1,2.098305,2.11968,2.036366,0.9899,0.026624,0.973376,1.0,1.0,0.9899
hybrid-dynamic(->block@P1),B,30000000,1,2,2,2.098305,1.156293,1.071816,1.8147,0.051102,0.948898,1.9028,1.9489,0.9073
hybrid-dynamic(->block@P1),B,30000000,1,4,4,2.098305,0.735012,0.631737,2.8548,0.093338,0.906662,3.125,3.72,0.7137
hybrid-dynamic(->block@P1),B,30000000,1,8,8,2.098305,0.778284,0.654712,2.6961,0.106301,0.893699,4.5869,7.2559,0.337
mpi-block,C,30000000,8,1,8,2.098305,1.003173,0.898473,2.0917,0.103785,0.896215,4.6337,7.2735,0.2615
mpi-blockcyclic,A,100000000,8,1,8,11.41697,3.065968,2.758266,3.7238,0.101173,0.898827,4.6833,7.2918,0.4655
mpi-blockcyclic,A,20000000,8,1,8,1.207148,0.404013,0.335826,2.9879,0.159752,0.840248,3.7767,6.8817,0.3735
mpi-blockcyclic,A,21141000,8,1,8,1.298907,0.379075,0.305073,3.4265,0.183382,0.816618,3.5031,6.7163,0.4283
mpi-blockcyclic,A,22347000,8,1,8,1.454272,0.399723,0.326074,3.6382,0.176593,0.823407,3.5776,6.7638,0.4548
mpi-blockcyclic,A,23623000,8,1,8,1.71951,0.449818,0.375946,3.8227,0.16475,0.83525,3.7153,6.8467,0.4778
mpi-blockcyclic,A,24971000,8,1,8,1.647411,0.481242,0.399944,3.4232,0.161001,0.838999,3.7612,6.873,0.4279
mpi-blockcyclic,A,26396000,8,1,8,1.786891,0.491179,0.406489,3.638,0.168902,0.831098,3.6658,6.8177,0.4547
mpi-blockcyclic,A,27902000,8,1,8,1.964405,0.509818,0.425787,3.8531,0.171063,0.828937,3.6406,6.8026,0.4816
mpi-blockcyclic,A,29494000,8,1,8,2.087151,0.624106,0.530085,3.3442,0.147884,0.852116,3.9308,6.9648,0.418
mpi-blockcyclic,C,30000000,8,1,8,2.098305,0.744743,0.599052,2.8175,0.182389,0.817611,3.5138,6.7233,0.3522
mpi-blockcyclic,A,31178000,8,1,8,2.221441,0.697977,0.592126,3.1827,0.143253,0.856747,3.9945,6.9972,0.3978
mpi-blockcyclic,A,32957000,8,1,8,2.397706,0.658943,0.55651,3.6387,0.155698,0.844302,3.828,6.9101,0.4548
mpi-blockcyclic,A,34838000,8,1,8,2.659446,0.706682,0.600545,3.7633,0.150102,0.849898,3.9011,6.9493,0.4704
mpi-blockcyclic,A,36826000,8,1,8,2.813344,0.7688,0.655034,3.6594,0.14717,0.85283,3.9405,6.9698,0.4574
mpi-blockcyclic,A,38927000,8,1,8,3.107416,0.807355,0.686481,3.8489,0.149659,0.850341,3.907,6.9524,0.4811
mpi-blockcyclic,A,41149000,8,1,8,3.295881,0.87467,0.747971,3.7681,0.143822,0.856178,3.9865,6.9932,0.471
mpi-blockcyclic,A,43497000,8,1,8,3.532566,0.945962,0.803477,3.7344,0.149986,0.850014,3.9026,6.9501,0.4668
mpi-blockcyclic,A,45979000,8,1,8,3.830585,1.095263,0.950176,3.4974,0.129478,0.870522,4.1965,7.0937,0.4372
mpi-blockcyclic,A,48603000,8,1,8,4.179367,1.174987,1.025396,3.5569,0.124553,0.875447,4.2738,7.1281,0.4446
mpi-blockcyclic,A,51377000,8,1,8,4.473423,1.198236,1.032273,3.7333,0.135069,0.864931,4.1121,7.0545,0.4667
mpi-blockcyclic,A,54309000,8,1,8,4.858028,1.366759,1.189235,3.5544,0.127047,0.872953,4.2343,7.1107,0.4443
mpi-blockcyclic,A,57408000,8,1,8,5.262513,1.382401,1.201247,3.8068,0.130124,0.869876,4.1866,7.0891,0.4758
mpi-blockcyclic,A,60684000,8,1,8,5.728612,1.519825,1.323249,3.7693,0.128555,0.871445,4.2108,7.1001,0.4712
mpi-blockcyclic,A,64147000,8,1,8,6.27692,1.621483,1.411102,3.8711,0.122943,0.877057,4.2997,7.1394,0.4839
mpi-blockcyclic,A,67808000,8,1,8,6.602466,1.764658,1.526094,3.7415,0.13484,0.86516,4.1155,7.0561,0.4677
mpi-blockcyclic,A,71677000,8,1,8,7.162235,1.937827,1.704466,3.696,0.12018,0.87982,4.3449,7.1587,0.462
mpi-blockcyclic,A,75768000,8,1,8,7.716722,2.066475,1.820608,3.7342,0.113116,0.886884,4.4648,7.2082,0.4668
mpi-blockcyclic,A,80092000,8,1,8,8.497212,2.229431,1.991356,3.8114,0.111158,0.888842,4.4992,7.2219,0.4764
mpi-blockcyclic,A,84662000,8,1,8,9.083967,2.413864,2.137714,3.7632,0.11166,0.88834,4.4903,7.2184,0.4704
mpi-blockcyclic,A,89494000,8,1,8,9.759206,2.631148,2.347232,3.7091,0.108669,0.891331,4.5437,7.2393,0.4636
mpi-blockcyclic,A,94601000,8,1,8,10.540289,2.886894,2.595903,3.6511,0.10076,0.89924,4.6912,7.2947,0.4564
mpi-cyclic,C,30000000,8,1,8,2.098305,0.784832,0.635526,2.6736,0.187982,0.812018,3.4544,6.6841,0.3342
mpi-dynamic,A,100000000,8,1,8,11.41697,4.623224,4.257938,2.4695,0.079454,0.920546,5.1408,7.4438,0.3087
mpi-dynamic,A,20000000,8,1,8,1.207148,0.42505,0.339592,2.84,0.177243,0.822757,3.5703,6.7593,0.355
mpi-dynamic,A,21141000,8,1,8,1.298907,0.406523,0.334705,3.1952,0.174322,0.825678,3.6032,6.7797,0.3994
mpi-dynamic,A,22347000,8,1,8,1.454272,0.438127,0.360636,3.3193,0.170658,0.829342,3.6453,6.8054,0.4149
mpi-dynamic,A,23623000,8,1,8,1.71951,0.470804,0.392028,3.6523,0.167248,0.832752,3.6854,6.8293,0.4565
mpi-dynamic,A,24971000,8,1,8,1.647411,0.521195,0.431772,3.1608,0.170416,0.829584,3.6481,6.8071,0.3951
mpi-dynamic,A,26396000,8,1,8,1.786891,0.565667,0.474004,3.1589,0.156994,0.843006,3.8114,6.901,0.3949
mpi-dynamic,A,27902000,8,1,8,1.964405,0.604738,0.505096,3.2484,0.160919,0.839081,3.7622,6.8736,0.406
mpi-dynamic,A,29494000,8,1,8,2.087151,0.690411,0.582136,3.0231,0.152046,0.847954,3.8754,6.9357,0.3779
mpi-dynamic,B,30000000,10,1,10,2.098305,0.97759,0.817426,2.1464,0.15836,0.84164,4.1233,8.5748,0.2146
mpi-dynamic,B,30000000,12,1,12,2.098305,1.231492,1.096683,1.7039,0.109352,0.890648,5.4474,10.7971,0.142
mpi-dynamic,B,30000000,14,1,14,2.098305,0.837147,0.70906,2.5065,0.152716,0.847284,4.6896,12.0147,0.179
mpi-dynamic,B,30000000,16,1,16,2.098305,1.03186,0.910743,2.0335,0.119888,0.880112,5.7177,14.2017,0.1271
mpi-dynamic,B,30000000,2,1,2,2.098305,2.231914,2.143848,0.9401,0.039438,0.960562,1.9241,1.9606,0.4701
mpi-dynamic,B,30000000,3,1,3,2.098305,1.385595,1.283842,1.5144,0.0768,0.9232,2.6006,2.8464,0.5048
mpi-dynamic,B,30000000,4,1,4,2.098305,1.056365,0.937735,1.9863,0.111348,0.888652,2.9984,3.666,0.4966
mpi-dynamic,B,30000000,5,1,5,2.098305,1.012195,0.879822,2.073,0.122137,0.877863,3.359,4.5115,0.4146
mpi-dynamic,B,30000000,6,1,6,2.098305,0.901565,0.78161,2.3274,0.132989,0.867011,3.6037,5.3351,0.3879
mpi-dynamic,B,30000000,7,1,7,2.098305,0.893981,0.76024,2.3471,0.147936,0.852064,3.7084,6.1124,0.3353
mpi-dynamic,B,30000000,8,1,8,2.098305,0.85889,0.726444,2.443,0.152117,0.847883,3.8744,6.9352,0.3054
mpi-dynamic,C,30000000,8,1,8,2.098305,0.88096,0.744136,2.3818,0.146641,0.853359,3.9477,6.9735,0.2977
mpi-dynamic,B,30000000,9,1,9,2.098305,0.835112,0.706161,2.5126,0.156079,0.843921,4.0024,7.7514,0.2792
mpi-dynamic,A,31178000,8,1,8,2.221441,0.707886,0.600703,3.1381,0.151249,0.848751,3.8859,6.9413,0.3923
mpi-dynamic,A,32957000,8,1,8,2.397706,0.803262,0.678221,2.985,0.154969,0.845031,3.8373,6.9152,0.3731
mpi-dynamic,A,34838000,8,1,8,2.659446,0.835277,0.704545,3.1839,0.154758,0.845242,3.8401,6.9167,0.398
mpi-dynamic,A,36826000,8,1,8,2.813344,0.993584,0.829438,2.8315,0.15817,0.84183,3.7965,6.8928,0.3539
mpi-dynamic,A,38927000,8,1,8,3.107416,1.052384,0.89699,2.9527,0.146957,0.853043,3.9434,6.9713,0.3691
mpi-dynamic,A,41149000,8,1,8,3.295881,1.194473,1.023267,2.7593,0.142905,0.857095,3.9993,6.9997,0.3449
mpi-dynamic,A,43497000,8,1,8,3.532566,1.353113,1.167603,2.6107,0.129824,0.870176,4.1912,7.0912,0.3263
mpi-dynamic,A,45979000,8,1,8,3.830585,1.651675,1.45193,2.3192,0.120375,0.879625,4.3416,7.1574,0.2899
mpi-dynamic,A,48603000,8,1,8,4.179367,1.821076,1.595845,2.295,0.116394,0.883606,4.4083,7.1852,0.2869
mpi-dynamic,A,51377000,8,1,8,4.473423,1.818235,1.610031,2.4603,0.114489,0.885511,4.4409,7.1986,0.3075
mpi-dynamic,A,54309000,8,1,8,4.858028,1.984595,1.761817,2.4479,0.109696,0.890304,4.5252,7.2321,0.306
mpi-dynamic,A,57408000,8,1,8,5.262513,2.050983,1.823081,2.5658,0.110919,0.889081,4.5034,7.2236,0.3207
mpi-dynamic,A,60684000,8,1,8,5.728612,2.259786,2.008219,2.535,0.110977,0.889023,4.5024,7.2232,0.3169
mpi-dynamic,A,64147000,8,1,8,6.27692,2.348416,2.098054,2.6728,0.109408,0.890592,4.5304,7.2341,0.3341
mpi-dynamic,A,67808000,8,1,8,6.602466,2.800427,2.522179,2.3577,0.103834,0.896166,4.6327,7.2732,0.2947
mpi-dynamic,A,71677000,8,1,8,7.162235,2.843888,2.517864,2.5185,0.100113,0.899887,4.7037,7.2992,0.3148
mpi-dynamic,A,75768000,8,1,8,7.716722,3.113313,2.831135,2.4786,0.103823,0.896177,4.633,7.2732,0.3098
mpi-dynamic,A,80092000,8,1,8,8.497212,3.209828,2.903871,2.6472,0.097264,0.902736,4.7595,7.3192,0.3309
mpi-dynamic,A,84662000,8,1,8,9.083967,3.88805,3.537117,2.3364,0.090053,0.909947,4.9069,7.3696,0.292
mpi-dynamic,A,89494000,8,1,8,9.759206,4.789114,4.419464,2.0378,0.07457,0.92543,5.2563,7.478,0.2547
mpi-dynamic,A,94601000,8,1,8,10.540289,4.614626,4.268717,2.2841,0.074772,0.925228,5.2514,7.4766,0.2855
mpi-dynamic(->block@P1),B,30000000,1,1,1,2.098305,2.106651,2.047945,0.996,0.027639,0.972361,1.0,1.0,0.996
openmp-dynamic-4096,A,100000000,1,8,8,11.41697,3.060908,2.795624,3.7299,0.085977,0.914023,4.9943,7.3982,0.4662
openmp-dynamic-4096,A,20000000,1,8,8,1.207148,0.308453,0.255129,3.9136,0.17214,0.82786,3.6281,6.795,0.4892
openmp-dynamic-4096,A,21141000,1,8,8,1.298907,0.331513,0.275847,3.9181,0.168422,0.831578,3.6715,6.821,0.4898
openmp-dynamic-4096,A,22347000,1,8,8,1.454272,0.361971,0.304033,4.0176,0.169635,0.830365,3.6572,6.8126,0.5022
openmp-dynamic-4096,A,23623000,1,8,8,1.71951,0.420439,0.352242,4.0898,0.163106,0.836894,3.7353,6.8583,0.5112
openmp-dynamic-4096,A,24971000,1,8,8,1.647411,0.425476,0.351857,3.8719,0.173023,0.826977,3.618,6.7888,0.484
openmp-dynamic-4096,A,26396000,1,8,8,1.786891,0.460543,0.384122,3.88,0.165933,0.834067,3.7011,6.8385,0.485
openmp-dynamic-4096,A,27902000,1,8,8,1.964405,0.494308,0.421304,3.9741,0.153508,0.846492,3.8562,6.9254,0.4968
openmp-dynamic-4096,A,29494000,1,8,8,2.087151,0.538561,0.459054,3.8754,0.152818,0.847182,3.8652,6.9303,0.4844
openmp-dynamic-4096,B,30000000,1,1,1,2.098305,2.103116,2.035357,0.9977,0.032218,0.967782,1.0,1.0,0.9977
openmp-dynamic-4096,B,30000000,1,10,10,2.098305,0.550699,0.464057,3.8103,0.157129,0.842871,4.1422,8.5858,0.381
openmp-dynamic-4096,B,30000000,1,12,12,2.098305,0.5531,0.465427,3.7937,0.153835,0.846165,4.4573,10.3078,0.3161
openmp-dynamic-4096,B,30000000,1,14,14,2.098305,0.565113,0.477163,3.7131,0.150331,0.849669,4.7388,12.0457,0.2652
openmp-dynamic-4096,B,30000000,1,16,16,2.098305,0.564484,0.475646,3.7172,0.156065,0.843935,4.789,13.659,0.2323
openmp-dynamic-4096,B,30000000,1,2,2,2.098305,1.105115,1.031674,1.8987,0.066664,0.933336,1.875,1.9333,0.9494
openmp-dynamic-4096,B,30000000,1,3,3,2.098305,0.764231,0.690825,2.7456,0.095853,0.904147,2.5174,2.8083,0.9152
openmp-dynamic-4096,B,30000000,1,4,4,2.098305,0.615032,0.538877,3.4117,0.130522,0.869478,2.8745,3.6084,0.8529
openmp-dynamic-4096,B,30000000,1,5,5,2.098305,0.632427,0.553417,3.3179,0.124929,0.875071,3.334,4.5003,0.6636
openmp-dynamic-4096,B,30000000,1,6,6,2.098305,0.592241,0.511907,3.543,0.137502,0.862498,3.5555,5.3125,0.5905
openmp-dynamic-4096,B,30000000,1,7,7,2.098305,0.582865,0.498864,3.6,0.144113,0.855887,3.754,6.1353,0.5143
openmp-dynamic-4096,B,30000000,1,8,8,2.098305,0.571611,0.485874,3.6709,0.145638,0.854362,3.9614,6.9805,0.4589
openmp-dynamic-4096,C,30000000,1,8,8,2.098305,0.599122,0.510144,3.5023,0.14851,0.85149,3.9224,6.9604,0.4378
openmp-dynamic-4096,B,30000000,1,9,9,2.098305,0.555027,0.472104,3.7805,0.150434,0.849566,4.0845,7.7965,0.4201
openmp-dynamic-4096,A,31178000,1,8,8,2.221441,0.565614,0.48329,3.9275,0.145117,0.854883,3.9686,6.9842,0.4909
openmp-dynamic-4096,A,32957000,1,8,8,2.397706,0.605834,0.520588,3.9577,0.143073,0.856927,3.997,6.9985,0.4947
openmp-dynamic-4096,A,34838000,1,8,8,2.659446,0.671432,0.578749,3.9609,0.136449,0.863551,4.0918,7.0449,0.4951
openmp-dynamic-4096,A,36826000,1,8,8,2.813344,0.701446,0.60215,4.0108,0.141602,0.858398,4.0177,7.0088,0.5013
openmp-dynamic-4096,A,38927000,1,8,8,3.107416,0.899861,0.7931,3.4532,0.122758,0.877242,4.3027,7.1407,0.4317
openmp-dynamic-4096,A,41149000,1,8,8,3.295881,0.821601,0.713502,4.0115,0.131569,0.868431,4.1645,7.079,0.5014
openmp-dynamic-4096,A,43497000,1,8,8,3.532566,0.879588,0.767476,4.0162,0.129932,0.870068,4.1895,7.0905,0.502
openmp-dynamic-4096,A,45979000,1,8,8,3.830585,0.986707,0.869204,3.8822,0.119515,0.880485,4.3559,7.1634,0.4853
openmp-dynamic-4096,A,48603000,1,8,8,4.179367,1.072194,0.923287,3.898,0.123669,0.876331,4.288,7.1343,0.4872
openmp-dynamic-4096,A,51377000,1,8,8,4.473423,1.118357,0.984409,4.0,0.119771,0.880229,4.3516,7.1616,0.5
openmp-dynamic-4096,A,54309000,1,8,8,4.858028,1.2321,1.094493,3.9429,0.111683,0.888317,4.4899,7.2182,0.4929
openmp-dynamic-4096,A,57408000,1,8,8,5.262513,1.352336,1.20388,3.8914,0.108768,0.891232,4.5419,7.2386,0.4864
openmp-dynamic-4096,A,60684000,1,8,8,5.728612,1.496577,1.331979,3.8278,0.109982,0.890018,4.5201,7.2301,0.4785
openmp-dynamic-4096,A,64147000,1,8,8,6.27692,1.52819,1.359336,4.1074,0.1103,0.8897,4.5144,7.2279,0.5134
openmp-dynamic-4096,A,67808000,1,8,8,6.602466,1.809556,1.621135,3.6487,0.104124,0.895876,4.6273,7.2711,0.4561
openmp-dynamic-4096,A,71677000,1,8,8,7.162235,1.961071,1.762145,3.6522,0.101437,0.898563,4.6782,7.2899,0.4565
openmp-dynamic-4096,A,75768000,1,8,8,7.716722,2.133077,1.913671,3.6176,0.09826,0.90174,4.7398,7.3122,0.4522
openmp-dynamic-4096,A,80092000,1,8,8,8.497212,2.14516,1.932379,3.9611,0.09919,0.90081,4.7216,7.3057,0.4951
openmp-dynamic-4096,A,84662000,1,8,8,9.083967,2.566415,2.334653,3.5396,0.093335,0.906665,4.8387,7.3467,0.4424
openmp-dynamic-4096,A,89494000,1,8,8,9.759206,2.757427,2.518529,3.5392,0.086637,0.913363,4.9799,7.3935,0.4424
openmp-dynamic-4096,A,94601000,1,8,8,10.540289,2.923448,2.663161,3.6054,0.088744,0.911256,4.9346,7.3788,0.4507
openmp-guided-0,C,30000000,1,8,8,2.098305,0.597614,0.51293,3.5111,0.141701,0.858299,4.0163,7.0081,0.4389
openmp-static-0,C,30000000,1,8,8,2.098305,0.637308,0.553908,3.2925,0.131931,0.868069,4.1591,7.0765,0.4116
openmp-static-4096,C,30000000,1,8,8,2.098305,0.60765,0.519681,3.4531,0.14315,0.85685,3.9959,6.9979,0.4316
pthreads,A,100000000,1,8,8,11.41697,3.180414,3.005471,3.5898,0.055006,0.944994,5.776,7.615,0.4487
pthreads,A,20000000,1,8,8,1.207148,0.39232,0.353809,3.0769,0.09816,0.90184,4.7418,7.3129,0.3846
pthreads,A,21141000,1,8,8,1.298907,0.412148,0.371923,3.1516,0.098358,0.901642,4.7379,7.3115,0.3939
pthreads,A,22347000,1,8,8,1.454272,0.400359,0.357117,3.6324,0.108967,0.891033,4.5383,7.2372,0.4541
pthreads,A,23623000,1,8,8,1.71951,0.591024,0.539953,2.9094,0.088003,0.911997,4.9504,7.384,0.3637
pthreads,A,24971000,1,8,8,1.647411,0.454514,0.406523,3.6246,0.111244,0.888756,4.4976,7.2213,0.4531
pthreads,A,26396000,1,8,8,1.786891,0.508065,0.455697,3.5171,0.103479,0.896521,4.6394,7.2756,0.4396
pthreads,A,27902000,1,8,8,1.964405,0.534666,0.479959,3.6741,0.103407,0.896593,4.6408,7.2762,0.4593
pthreads,A,29494000,1,8,8,2.087151,0.558908,0.500842,3.7343,0.105612,0.894388,4.5996,7.2607,0.4668
pthreads,B,30000000,1,1,1,2.098305,2.111816,2.043543,0.9936,0.026299,0.973701,1.0,1.0,0.9936
pthreads,B,30000000,1,10,10,2.098305,0.597915,0.535592,3.5094,0.104232,0.895768,5.1597,9.0619,0.3509
pthreads,B,30000000,1,12,12,2.098305,0.589004,0.52645,3.5625,0.106201,0.893799,5.5345,10.8318,0.2969
pthreads,B,30000000,1,14,14,2.098305,0.577749,0.513074,3.6319,0.112993,0.887007,5.6705,12.5311,0.2594
pthreads,B,30000000,1,16,16,2.098305,0.562138,0.499108,3.7327,0.112125,0.887875,5.966,14.3181,0.2333
pthreads,B,30000000,1,2,2,2.098305,1.336022,1.280102,1.5706,0.041952,0.958048,1.9195,1.958,0.7853
pthreads,B,30000000,1,3,3,2.098305,0.962492,0.898557,2.1801,0.059538,0.940462,2.6808,2.8809,0.7267
pthreads,B,30000000,1,4,4,2.098305,0.76977,0.713679,2.7259,0.072866,0.927134,3.2825,3.7814,0.6815
pthreads,B,30000000,1,5,5,2.098305,0.700385,0.643723,2.9959,0.0809,0.9191,3.7776,4.6764,0.5992
pthreads,B,30000000,1,6,6,2.098305,0.666534,0.606795,3.1481,0.089286,0.910714,4.1481,5.5536,0.5247
pthreads,B,30000000,1,7,7,2.098305,0.625431,0.566706,3.355,0.093894,0.906106,4.4775,6.4366,0.4793
pthreads,B,30000000,1,8,8,2.098305,0.610284,0.549333,3.4382,0.100797,0.899203,4.6905,7.2944,0.4298
pthreads,B,30000000,1,9,9,2.098305,0.59915,0.535268,3.5021,0.105026,0.894974,4.8908,8.1598,0.3891
pthreads,A,31178000,1,8,8,2.221441,0.589523,0.527222,3.7682,0.105073,0.894927,4.6096,7.2645,0.471
pthreads,A,32957000,1,8,8,2.397706,0.643456,0.579551,3.7263,0.097859,0.902141,4.7477,7.315,0.4658
pthreads,A,34838000,1,8,8,2.659446,0.766451,0.695827,3.4698,0.090772,0.909228,4.8918,7.3646,0.4337
pthreads,A,36826000,1,8,8,2.813344,0.766285,0.694805,3.6714,0.093281,0.906719,4.8398,7.347,0.4589
pthreads,A,38927000,1,8,8,3.107416,0.792718,0.719566,3.92,0.095581,0.904419,4.7931,7.3309,0.49
pthreads,A,41149000,1,8,8,3.295881,0.876788,0.794441,3.759,0.09316,0.90684,4.8423,7.3479,0.4699
pthreads,A,43497000,1,8,8,3.532566,0.926879,0.842778,3.8112,0.090736,0.909264,4.8925,7.3649,0.4764
pthreads,A,45979000,1,8,8,3.830585,1.033149,0.933128,3.7077,0.086491,0.913509,4.9831,7.3946,0.4635
pthreads,A,48603000,1,8,8,4.179367,1.129617,1.037204,3.6998,0.082912,0.917088,5.0621,7.4196,0.4625
pthreads,A,51377000,1,8,8,4.473423,1.174627,1.069251,3.8084,0.085666,0.914334,5.0011,7.4003,0.476
pthreads,A,54309000,1,8,8,4.858028,1.28827,1.184035,3.771,0.08091,0.91909,5.1073,7.4336,0.4714
pthreads,A,57408000,1,8,8,5.262513,1.401598,1.295182,3.7547,0.079666,0.920334,5.1359,7.4423,0.4693
pthreads,A,60684000,1,8,8,5.728612,1.513773,1.399075,3.7843,0.075769,0.924231,5.2274,7.4696,0.473
pthreads,A,64147000,1,8,8,6.27692,1.665718,1.541659,3.7683,0.074477,0.925523,5.2585,7.4787,0.471
pthreads,A,67808000,1,8,8,6.602466,1.791153,1.666179,3.6862,0.07048,0.92952,5.357,7.5066,0.4608
pthreads,A,71677000,1,8,8,7.162235,1.960394,1.825477,3.6535,0.068821,0.931179,5.399,7.5183,0.4567
pthreads,A,75768000,1,8,8,7.716722,2.114297,1.979046,3.6498,0.063969,0.936031,5.5257,7.5522,0.4562
pthreads,A,80092000,1,8,8,8.497212,2.4222,2.275361,3.5081,0.062653,0.937347,5.5611,7.5614,0.4385
pthreads,A,84662000,1,8,8,9.083967,2.625012,2.465015,3.4605,0.066805,0.933195,5.451,7.5324,0.4326
pthreads,A,89494000,1,8,8,9.759206,2.750646,2.585525,3.548,0.059318,0.940682,5.6528,7.5848,0.4435
pthreads,A,94601000,1,8,8,10.540289,2.947858,2.77771,3.5756,0.057866,0.942134,5.6937,7.5949,0.4469
serial,A,100000000,1,1,1,11.41697,11.41697,11.257574,1.0,0.013953,0.986047,1.0,1.0,1.0
serial,A,20000000,1,1,1,1.207148,1.207148,1.171876,1.0,0.028769,0.971231,1.0,1.0,1.0
serial,A,21141000,1,1,1,1.298907,1.298907,1.262074,1.0,0.027867,0.972133,1.0,1.0,1.0
serial,A,22347000,1,1,1,1.454272,1.454272,1.3711,1.0,0.02746,0.97254,1.0,1.0,1.0
serial,A,23623000,1,1,1,1.71951,1.71951,1.64506,1.0,0.027158,0.972842,1.0,1.0,1.0
serial,A,24971000,1,1,1,1.647411,1.647411,1.604661,1.0,0.026584,0.973416,1.0,1.0,1.0
serial,A,26396000,1,1,1,1.786891,1.786891,1.739139,1.0,0.026723,0.973277,1.0,1.0,1.0
serial,A,27902000,1,1,1,1.964405,1.964405,1.914804,1.0,0.024435,0.975565,1.0,1.0,1.0
serial,A,29494000,1,1,1,2.087151,2.087151,2.038097,1.0,0.025468,0.974532,1.0,1.0,1.0
serial,B,30000000,1,1,1,2.098305,2.098305,2.048887,1.0,0.023551,0.976449,1.0,1.0,1.0
serial,A,31178000,1,1,1,2.221441,2.221441,2.16807,1.0,0.023624,0.976376,1.0,1.0,1.0
serial,A,32957000,1,1,1,2.397706,2.397706,2.342887,1.0,0.022881,0.977119,1.0,1.0,1.0
serial,A,34838000,1,1,1,2.659446,2.659446,2.591527,1.0,0.022606,0.977394,1.0,1.0,1.0
serial,A,36826000,1,1,1,2.813344,2.813344,2.752175,1.0,0.021773,0.978227,1.0,1.0,1.0
serial,A,38927000,1,1,1,3.107416,3.107416,3.031752,1.0,0.020876,0.979124,1.0,1.0,1.0
serial,A,41149000,1,1,1,3.295881,3.295881,3.226832,1.0,0.02056,0.97944,1.0,1.0,1.0
serial,A,43497000,1,1,1,3.532566,3.532566,3.461713,1.0,0.020656,0.979344,1.0,1.0,1.0
serial,A,45979000,1,1,1,3.830585,3.830585,3.755736,1.0,0.01955,0.98045,1.0,1.0,1.0
serial,A,48603000,1,1,1,4.179367,4.179367,4.099072,1.0,0.01921,0.98079,1.0,1.0,1.0
serial,A,51377000,1,1,1,4.473423,4.473423,4.389835,1.0,0.018685,0.981315,1.0,1.0,1.0
serial,A,54309000,1,1,1,4.858028,4.858028,4.770198,1.0,0.018108,0.981892,1.0,1.0,1.0
serial,A,57408000,1,1,1,5.262513,5.262513,5.168838,1.0,0.0178,0.9822,1.0,1.0,1.0
serial,A,60684000,1,1,1,5.728612,5.728612,5.631221,1.0,0.017324,0.982676,1.0,1.0,1.0
serial,A,64147000,1,1,1,6.27692,6.27692,6.173451,1.0,0.016586,0.983414,1.0,1.0,1.0
serial,A,67808000,1,1,1,6.602466,6.602466,6.492963,1.0,0.016585,0.983415,1.0,1.0,1.0
serial,A,71677000,1,1,1,7.162235,7.162235,7.048677,1.0,0.01599,0.98401,1.0,1.0,1.0
serial,A,75768000,1,1,1,7.716722,7.716722,7.597016,1.0,0.015799,0.984201,1.0,1.0,1.0
serial,A,80092000,1,1,1,8.497212,8.497212,8.368489,1.0,0.015149,0.984851,1.0,1.0,1.0
serial,A,84662000,1,1,1,9.083967,9.083967,8.946784,1.0,0.015102,0.984898,1.0,1.0,1.0
serial,A,89494000,1,1,1,9.759206,9.759206,9.616015,1.0,0.014668,0.985332,1.0,1.0,1.0
serial,A,94601000,1,1,1,10.540289,10.540289,10.390601,1.0,0.014201,0.985799,1.0,1.0,1.0
